Workbook

Sheet Terminal Summary
A1: Berth Waiting Time Analysis — ETA to ETB
A2: Terminals covered: THBKK (Bangkok) and THLCH (Laem Chabang) | Source: uploaded vessel schedule (Jan–Sep 2026)
A4: Terminal Comparison — Waiting Time (ETA → ETB)
A5: Terminal | B5: Calls (Count) | C5: Avg Wait (Hrs) | D5: Median Wait (Hrs) | E5: Min Wait (Hrs) | F5: Max Wait (Hrs) | G5: Total Wait (Hrs) | H5: Std Dev (Hrs) | I5: 90th Percentile (Hrs)
A6: THBKK | B6: =COUNTIF('Raw Data'!$J$2:$J$670,$A6) -> 209 | C6: =AVERAGEIF('Raw Data'!$J$2:$J$670,$A6,'Raw Data'!$S$2:$S$670) -> 11.209411 | D6: {=MEDIAN(IF('Raw Data'!$J$2:$J$670=$A6,'Raw Data'!$S$2:$S$670))} -> 8.5 | E6: =_xlfn.MINIFS('Raw Data'!$S$2:$S$670,'Raw Data'!$J$2:$J$670,$A6) -> 0.0167 | F6: =_xlfn.MAXIFS('Raw Data'!$S$2:$S$670,'Raw Data'!$J$2:$J$670,$A6) -> 58 | G6: =SUMIF('Raw Data'!$J$2:$J$670,$A6,'Raw Data'!$S$2:$S$670) -> 2342.767 | H6: {=STDEV(IF('Raw Data'!$J$2:$J$670=$A6,'Raw Data'!$S$2:$S$670))} -> 11.420177 | I6: {=PERCENTILE(IF('Raw Data'!$J$2:$J$670=$A6,'Raw Data'!$S$2:$S$670),0.9)} -> 24.68
A7: THLCH | B7: =COUNTIF('Raw Data'!$J$2:$J$670,$A7) -> 460 | C7: =AVERAGEIF('Raw Data'!$J$2:$J$670,$A7,'Raw Data'!$S$2:$S$670) -> 3.9727189 | D7: {=MEDIAN(IF('Raw Data'!$J$2:$J$670=$A7,'Raw Data'!$S$2:$S$670))} -> 1 | E7: =_xlfn.MINIFS('Raw Data'!$S$2:$S$670,'Raw Data'!$J$2:$J$670,$A7) -> 0 | F7: =_xlfn.MAXIFS('Raw Data'!$S$2:$S$670,'Raw Data'!$J$2:$J$670,$A7) -> 72 | G7: =SUMIF('Raw Data'!$J$2:$J$670,$A7,'Raw Data'!$S$2:$S$670) -> 1827.4507 | H7: {=STDEV(IF('Raw Data'!$J$2:$J$670=$A7,'Raw Data'!$S$2:$S$670))} -> 7.1799504 | I7: {=PERCENTILE(IF('Raw Data'!$J$2:$J$670=$A7,'Raw Data'!$S$2:$S$670),0.9)} -> 10.82
A9: Finding: THBKK shows ~3x longer average berth waiting time than THLCH over the period. See HTML/summary notes.
A11: Wharf / Berth Breakdown
A12: Terminal | B12: Wharf | C12: Calls (Count) | D12: Avg Wait (Hrs) | E12: Max Wait (Hrs)
A13: THBKK | B13: BKK01 | C13: =COUNTIFS('Raw Data'!$J$2:$J$670,$A13,'Raw Data'!$I$2:$I$670,$B13) -> 91 | D13: =_xlfn.IFS(C13=0,0,C13>0,AVERAGEIFS('Raw Data'!$S$2:$S$670,'Raw Data'!$J$2:$J$670,$A13,'Raw Data'!$I$2:$I$670,$B13)) -> 15.055676 | E13: =_xlfn.MAXIFS('Raw Data'!$S$2:$S$670,'Raw Data'!$J$2:$J$670,$A13,'Raw Data'!$I$2:$I$670,$B13) -> 58
A14: THBKK | B14: BKK02 | C14: =COUNTIFS('Raw Data'!$J$2:$J$670,$A14,'Raw Data'!$I$2:$I$670,$B14) -> 64 | D14: =_xlfn.IFS(C14=0,0,C14>0,AVERAGEIFS('Raw Data'!$S$2:$S$670,'Raw Data'!$J$2:$J$670,$A14,'Raw Data'!$I$2:$I$670,$B14)) -> 4.0906328 | E14: =_xlfn.MAXIFS('Raw Data'!$S$2:$S$670,'Raw Data'!$J$2:$J$670,$A14,'Raw Data'!$I$2:$I$670,$B14) -> 20.5
A15: THBKK | B15: BKK04 | C15: =COUNTIFS('Raw Data'!$J$2:$J$670,$A15,'Raw Data'!$I$2:$I$670,$B15) -> 54 | D15: =_xlfn.IFS(C15=0,0,C15>0,AVERAGEIFS('Raw Data'!$S$2:$S$670,'Raw Data'!$J$2:$J$670,$A15,'Raw Data'!$I$2:$I$670,$B15)) -> 13.164815 | E15: =_xlfn.MAXIFS('Raw Data'!$S$2:$S$670,'Raw Data'!$J$2:$J$670,$A15,'Raw Data'!$I$2:$I$670,$B15) -> 45
A16: THLCH | B16: LCH01 | C16: =COUNTIFS('Raw Data'!$J$2:$J$670,$A16,'Raw Data'!$I$2:$I$670,$B16) -> 76 | D16: =_xlfn.IFS(C16=0,0,C16>0,AVERAGEIFS('Raw Data'!$S$2:$S$670,'Raw Data'!$J$2:$J$670,$A16,'Raw Data'!$I$2:$I$670,$B16)) -> 4.5291671 | E16: =_xlfn.MAXIFS('Raw Data'!$S$2:$S$670,'Raw Data'!$J$2:$J$670,$A16,'Raw Data'!$I$2:$I$670,$B16) -> 40
A17: THLCH | B17: LCH02 | C17: =COUNTIFS('Raw Data'!$J$2:$J$670,$A17,'Raw Data'!$I$2:$I$670,$B17) -> 22 | D17: =_xlfn.IFS(C17=0,0,C17>0,AVERAGEIFS('Raw Data'!$S$2:$S$670,'Raw Data'!$J$2:$J$670,$A17,'Raw Data'!$I$2:$I$670,$B17)) -> 2.1901591 | E17: =_xlfn.MAXIFS('Raw Data'!$S$2:$S$670,'Raw Data'!$J$2:$J$670,$A17,'Raw Data'!$I$2:$I$670,$B17) -> 25
A18: THLCH | B18: LCH03 | C18: =COUNTIFS('Raw Data'!$J$2:$J$670,$A18,'Raw Data'!$I$2:$I$670,$B18) -> 5 | D18: =_xlfn.IFS(C18=0,0,C18>0,AVERAGEIFS('Raw Data'!$S$2:$S$670,'Raw Data'!$J$2:$J$670,$A18,'Raw Data'!$I$2:$I$670,$B18)) -> 3.5 | E18: =_xlfn.MAXIFS('Raw Data'!$S$2:$S$670,'Raw Data'!$J$2:$J$670,$A18,'Raw Data'!$I$2:$I$670,$B18) -> 13.5
A19: THLCH | B19: LCH04 | C19: =COUNTIFS('Raw Data'!$J$2:$J$670,$A19,'Raw Data'!$I$2:$I$670,$B19) -> 239 | D19: =_xlfn.IFS(C19=0,0,C19>0,AVERAGEIFS('Raw Data'!$S$2:$S$670,'Raw Data'!$J$2:$J$670,$A19,'Raw Data'!$I$2:$I$670,$B19)) -> 3.9862619 | E19: =_xlfn.MAXIFS('Raw Data'!$S$2:$S$670,'Raw Data'!$J$2:$J$670,$A19,'Raw Data'!$I$2:$I$670,$B19) -> 27
A20: THLCH | B20: LCH05 | C20: =COUNTIFS('Raw Data'!$J$2:$J$670,$A20,'Raw Data'!$I$2:$I$670,$B20) -> 83 | D20: =_xlfn.IFS(C20=0,0,C20>0,AVERAGEIFS('Raw Data'!$S$2:$S$670,'Raw Data'!$J$2:$J$670,$A20,'Raw Data'!$I$2:$I$670,$B20)) -> 4.7064325 | E20: =_xlfn.MAXIFS('Raw Data'!$S$2:$S$670,'Raw Data'!$J$2:$J$670,$A20,'Raw Data'!$I$2:$I$670,$B20) -> 72
A21: THLCH | B21: LCH06 | C21: =COUNTIFS('Raw Data'!$J$2:$J$670,$A21,'Raw Data'!$I$2:$I$670,$B21) -> 4 | D21: =_xlfn.IFS(C21=0,0,C21>0,AVERAGEIFS('Raw Data'!$S$2:$S$670,'Raw Data'!$J$2:$J$670,$A21,'Raw Data'!$I$2:$I$670,$B21)) -> 0.9 | E21: =_xlfn.MAXIFS('Raw Data'!$S$2:$S$670,'Raw Data'!$J$2:$J$670,$A21,'Raw Data'!$I$2:$I$670,$B21) -> 1
A22: THLCH | B22: LCH07 | C22: =COUNTIFS('Raw Data'!$J$2:$J$670,$A22,'Raw Data'!$I$2:$I$670,$B22) -> 11 | D22: =_xlfn.IFS(C22=0,0,C22>0,AVERAGEIFS('Raw Data'!$S$2:$S$670,'Raw Data'!$J$2:$J$670,$A22,'Raw Data'!$I$2:$I$670,$B22)) -> 1.2363636 | E22: =_xlfn.MAXIFS('Raw Data'!$S$2:$S$670,'Raw Data'!$J$2:$J$670,$A22,'Raw Data'!$I$2:$I$670,$B22) -> 3
A23: THLCH | B23: LCH08 | C23: =COUNTIFS('Raw Data'!$J$2:$J$670,$A23,'Raw Data'!$I$2:$I$670,$B23) -> 3 | D23: =_xlfn.IFS(C23=0,0,C23>0,AVERAGEIFS('Raw Data'!$S$2:$S$670,'Raw Data'!$J$2:$J$670,$A23,'Raw Data'!$I$2:$I$670,$B23)) -> 9 | E23: =_xlfn.MAXIFS('Raw Data'!$S$2:$S$670,'Raw Data'!$J$2:$J$670,$A23,'Raw Data'!$I$2:$I$670,$B23) -> 25
A24: THLCH | B24: LCH10 | C24: =COUNTIFS('Raw Data'!$J$2:$J$670,$A24,'Raw Data'!$I$2:$I$670,$B24) -> 17 | D24: =_xlfn.IFS(C24=0,0,C24>0,AVERAGEIFS('Raw Data'!$S$2:$S$670,'Raw Data'!$J$2:$J$670,$A24,'Raw Data'!$I$2:$I$670,$B24)) -> 1.7647059 | E24: =_xlfn.MAXIFS('Raw Data'!$S$2:$S$670,'Raw Data'!$J$2:$J$670,$A24,'Raw Data'!$I$2:$I$670,$B24) -> 7

Sheet Service Summary
A1: Waiting Time by Service (Overall)
A3: Service | B3: Calls (Count) | C3: Avg Wait (Hrs) | D3: Median Wait (Hrs) | E3: Min Wait (Hrs) | F3: Max Wait (Hrs)
A4: KST | B4: =COUNTIF('Raw Data'!$A$2:$A$670,$A4) -> 100 | C4: =AVERAGEIF('Raw Data'!$A$2:$A$670,$A4,'Raw Data'!$S$2:$S$670) -> 3.547177 | D4: {=MEDIAN(IF('Raw Data'!$A$2:$A$670=$A4,'Raw Data'!$S$2:$S$670))} -> 1 | E4: =_xlfn.MINIFS('Raw Data'!$S$2:$S$670,'Raw Data'!$A$2:$A$670,$A4) -> 0.0167 | F4: =_xlfn.MAXIFS('Raw Data'!$S$2:$S$670,'Raw Data'!$A$2:$A$670,$A4) -> 72
A5: VTS | B5: =COUNTIF('Raw Data'!$A$2:$A$670,$A5) -> 94 | C5: =AVERAGEIF('Raw Data'!$A$2:$A$670,$A5,'Raw Data'!$S$2:$S$670) -> 6.1991117 | D5: {=MEDIAN(IF('Raw Data'!$A$2:$A$670=$A5,'Raw Data'!$S$2:$S$670))} -> 2.5333 | E5: =_xlfn.MINIFS('Raw Data'!$S$2:$S$670,'Raw Data'!$A$2:$A$670,$A5) -> 0.4333 | F5: =_xlfn.MAXIFS('Raw Data'!$S$2:$S$670,'Raw Data'!$A$2:$A$670,$A5) -> 41.8333
A6: NTX | B6: =COUNTIF('Raw Data'!$A$2:$A$670,$A6) -> 93 | C6: =AVERAGEIF('Raw Data'!$A$2:$A$670,$A6,'Raw Data'!$S$2:$S$670) -> 3.919714 | D6: {=MEDIAN(IF('Raw Data'!$A$2:$A$670=$A6,'Raw Data'!$S$2:$S$670))} -> 2 | E6: =_xlfn.MINIFS('Raw Data'!$S$2:$S$670,'Raw Data'!$A$2:$A$670,$A6) -> 0.0167 | F6: =_xlfn.MAXIFS('Raw Data'!$S$2:$S$670,'Raw Data'!$A$2:$A$670,$A6) -> 20.5
A7: KHS1 | B7: =COUNTIF('Raw Data'!$A$2:$A$670,$A7) -> 88 | C7: =AVERAGEIF('Raw Data'!$A$2:$A$670,$A7,'Raw Data'!$S$2:$S$670) -> 9.5202648 | D7: {=MEDIAN(IF('Raw Data'!$A$2:$A$670=$A7,'Raw Data'!$S$2:$S$670))} -> 3.91665 | E7: =_xlfn.MINIFS('Raw Data'!$S$2:$S$670,'Raw Data'!$A$2:$A$670,$A7) -> 0.5167 | F7: =_xlfn.MAXIFS('Raw Data'!$S$2:$S$670,'Raw Data'!$A$2:$A$670,$A7) -> 58
A8: CHT | B8: =COUNTIF('Raw Data'!$A$2:$A$670,$A8) -> 86 | C8: =AVERAGEIF('Raw Data'!$A$2:$A$670,$A8,'Raw Data'!$S$2:$S$670) -> 6.6976744 | D8: {=MEDIAN(IF('Raw Data'!$A$2:$A$670=$A8,'Raw Data'!$S$2:$S$670))} -> 3 | E8: =_xlfn.MINIFS('Raw Data'!$S$2:$S$670,'Raw Data'!$A$2:$A$670,$A8) -> 1 | F8: =_xlfn.MAXIFS('Raw Data'!$S$2:$S$670,'Raw Data'!$A$2:$A$670,$A8) -> 54
A9: KTS1 | B9: =COUNTIF('Raw Data'!$A$2:$A$670,$A9) -> 84 | C9: =AVERAGEIF('Raw Data'!$A$2:$A$670,$A9,'Raw Data'!$S$2:$S$670) -> 6.8426583 | D9: {=MEDIAN(IF('Raw Data'!$A$2:$A$670=$A9,'Raw Data'!$S$2:$S$670))} -> 3 | E9: =_xlfn.MINIFS('Raw Data'!$S$2:$S$670,'Raw Data'!$A$2:$A$670,$A9) -> 0.5 | F9: =_xlfn.MAXIFS('Raw Data'!$S$2:$S$670,'Raw Data'!$A$2:$A$670,$A9) -> 49
A10: BTS | B10: =COUNTIF('Raw Data'!$A$2:$A$670,$A10) -> 68 | C10: =AVERAGEIF('Raw Data'!$A$2:$A$670,$A10,'Raw Data'!$S$2:$S$670) -> 9.0264706 | D10: {=MEDIAN(IF('Raw Data'!$A$2:$A$670=$A10,'Raw Data'!$S$2:$S$670))} -> 4.3 | E10: =_xlfn.MINIFS('Raw Data'!$S$2:$S$670,'Raw Data'!$A$2:$A$670,$A10) -> 0 | F10: =_xlfn.MAXIFS('Raw Data'!$S$2:$S$670,'Raw Data'!$A$2:$A$670,$A10) -> 45
A11: ANX | B11: =COUNTIF('Raw Data'!$A$2:$A$670,$A11) -> 27 | C11: =AVERAGEIF('Raw Data'!$A$2:$A$670,$A11,'Raw Data'!$S$2:$S$670) -> 6.2444444 | D11: {=MEDIAN(IF('Raw Data'!$A$2:$A$670=$A11,'Raw Data'!$S$2:$S$670))} -> 4.9 | E11: =_xlfn.MINIFS('Raw Data'!$S$2:$S$670,'Raw Data'!$A$2:$A$670,$A11) -> 0.0167 | F11: =_xlfn.MAXIFS('Raw Data'!$S$2:$S$670,'Raw Data'!$A$2:$A$670,$A11) -> 25
A12: PCI2 | B12: =COUNTIF('Raw Data'!$A$2:$A$670,$A12) -> 27 | C12: =AVERAGEIF('Raw Data'!$A$2:$A$670,$A12,'Raw Data'!$S$2:$S$670) -> 1.9549444 | D12: {=MEDIAN(IF('Raw Data'!$A$2:$A$670=$A12,'Raw Data'!$S$2:$S$670))} -> 1 | E12: =_xlfn.MINIFS('Raw Data'!$S$2:$S$670,'Raw Data'!$A$2:$A$670,$A12) -> 0.0167 | F12: =_xlfn.MAXIFS('Raw Data'!$S$2:$S$670,'Raw Data'!$A$2:$A$670,$A12) -> 25
A13: EPS | B13: =COUNTIF('Raw Data'!$A$2:$A$670,$A13) -> 1 | C13: =AVERAGEIF('Raw Data'!$A$2:$A$670,$A13,'Raw Data'!$S$2:$S$670) -> 19.5 | D13: {=MEDIAN(IF('Raw Data'!$A$2:$A$670=$A13,'Raw Data'!$S$2:$S$670))} -> 19.5 | E13: =_xlfn.MINIFS('Raw Data'!$S$2:$S$670,'Raw Data'!$A$2:$A$670,$A13) -> 19.5 | F13: =_xlfn.MAXIFS('Raw Data'!$S$2:$S$670,'Raw Data'!$A$2:$A$670,$A13) -> 19.5
A14: ADHS | B14: =COUNTIF('Raw Data'!$A$2:$A$670,$A14) -> 1 | C14: =AVERAGEIF('Raw Data'!$A$2:$A$670,$A14,'Raw Data'!$S$2:$S$670) -> 25 | D14: {=MEDIAN(IF('Raw Data'!$A$2:$A$670=$A14,'Raw Data'!$S$2:$S$670))} -> 25 | E14: =_xlfn.MINIFS('Raw Data'!$S$2:$S$670,'Raw Data'!$A$2:$A$670,$A14) -> 25 | F14: =_xlfn.MAXIFS('Raw Data'!$S$2:$S$670,'Raw Data'!$A$2:$A$670,$A14) -> 25
A16: Note: ADHS and EPS have only 1 recorded call each — treat with caution (small sample).
A18: Waiting Time by Service × Terminal
A19: Service | B19: Terminal | C19: Calls (Count) | D19: Avg Wait (Hrs) | E19: Max Wait (Hrs)
A20: ADHS | B20: THLCH | C20: =COUNTIFS('Raw Data'!$A$2:$A$670,$A20,'Raw Data'!$J$2:$J$670,$B20) -> 1 | D20: =_xlfn.IFS(C20=0,0,C20>0,AVERAGEIFS('Raw Data'!$S$2:$S$670,'Raw Data'!$A$2:$A$670,$A20,'Raw Data'!$J$2:$J$670,$B20)) -> 25 | E20: =_xlfn.MAXIFS('Raw Data'!$S$2:$S$670,'Raw Data'!$A$2:$A$670,$A20,'Raw Data'!$J$2:$J$670,$B20) -> 25
A21: ANX | B21: THLCH | C21: =COUNTIFS('Raw Data'!$A$2:$A$670,$A21,'Raw Data'!$J$2:$J$670,$B21) -> 27 | D21: =_xlfn.IFS(C21=0,0,C21>0,AVERAGEIFS('Raw Data'!$S$2:$S$670,'Raw Data'!$A$2:$A$670,$A21,'Raw Data'!$J$2:$J$670,$B21)) -> 6.2444444 | E21: =_xlfn.MAXIFS('Raw Data'!$S$2:$S$670,'Raw Data'!$A$2:$A$670,$A21,'Raw Data'!$J$2:$J$670,$B21) -> 25
A22: BTS | B22: THBKK | C22: =COUNTIFS('Raw Data'!$A$2:$A$670,$A22,'Raw Data'!$J$2:$J$670,$B22) -> 23 | D22: =_xlfn.IFS(C22=0,0,C22>0,AVERAGEIFS('Raw Data'!$S$2:$S$670,'Raw Data'!$A$2:$A$670,$A22,'Raw Data'!$J$2:$J$670,$B22)) -> 15.278261 | E22: =_xlfn.MAXIFS('Raw Data'!$S$2:$S$670,'Raw Data'!$A$2:$A$670,$A22,'Raw Data'!$J$2:$J$670,$B22) -> 45
A23: BTS | B23: THLCH | C23: =COUNTIFS('Raw Data'!$A$2:$A$670,$A23,'Raw Data'!$J$2:$J$670,$B23) -> 45 | D23: =_xlfn.IFS(C23=0,0,C23>0,AVERAGEIFS('Raw Data'!$S$2:$S$670,'Raw Data'!$A$2:$A$670,$A23,'Raw Data'!$J$2:$J$670,$B23)) -> 5.8311111 | E23: =_xlfn.MAXIFS('Raw Data'!$S$2:$S$670,'Raw Data'!$A$2:$A$670,$A23,'Raw Data'!$J$2:$J$670,$B23) -> 40
A24: CHT | B24: THBKK | C24: =COUNTIFS('Raw Data'!$A$2:$A$670,$A24,'Raw Data'!$J$2:$J$670,$B24) -> 30 | D24: =_xlfn.IFS(C24=0,0,C24>0,AVERAGEIFS('Raw Data'!$S$2:$S$670,'Raw Data'!$A$2:$A$670,$A24,'Raw Data'!$J$2:$J$670,$B24)) -> 11.333333 | E24: =_xlfn.MAXIFS('Raw Data'!$S$2:$S$670,'Raw Data'!$A$2:$A$670,$A24,'Raw Data'!$J$2:$J$670,$B24) -> 36
A25: CHT | B25: THLCH | C25: =COUNTIFS('Raw Data'!$A$2:$A$670,$A25,'Raw Data'!$J$2:$J$670,$B25) -> 56 | D25: =_xlfn.IFS(C25=0,0,C25>0,AVERAGEIFS('Raw Data'!$S$2:$S$670,'Raw Data'!$A$2:$A$670,$A25,'Raw Data'!$J$2:$J$670,$B25)) -> 4.2142857 | E25: =_xlfn.MAXIFS('Raw Data'!$S$2:$S$670,'Raw Data'!$A$2:$A$670,$A25,'Raw Data'!$J$2:$J$670,$B25) -> 54
A26: EPS | B26: THBKK | C26: =COUNTIFS('Raw Data'!$A$2:$A$670,$A26,'Raw Data'!$J$2:$J$670,$B26) -> 1 | D26: =_xlfn.IFS(C26=0,0,C26>0,AVERAGEIFS('Raw Data'!$S$2:$S$670,'Raw Data'!$A$2:$A$670,$A26,'Raw Data'!$J$2:$J$670,$B26)) -> 19.5 | E26: =_xlfn.MAXIFS('Raw Data'!$S$2:$S$670,'Raw Data'!$A$2:$A$670,$A26,'Raw Data'!$J$2:$J$670,$B26) -> 19.5
A27: KHS1 | B27: THBKK | C27: =COUNTIFS('Raw Data'!$A$2:$A$670,$A27,'Raw Data'!$J$2:$J$670,$B27) -> 30 | D27: =_xlfn.IFS(C27=0,0,C27>0,AVERAGEIFS('Raw Data'!$S$2:$S$670,'Raw Data'!$A$2:$A$670,$A27,'Raw Data'!$J$2:$J$670,$B27)) -> 18.347777 | E27: =_xlfn.MAXIFS('Raw Data'!$S$2:$S$670,'Raw Data'!$A$2:$A$670,$A27,'Raw Data'!$J$2:$J$670,$B27) -> 58
A28: KHS1 | B28: THLCH | C28: =COUNTIFS('Raw Data'!$A$2:$A$670,$A28,'Raw Data'!$J$2:$J$670,$B28) -> 58 | D28: =_xlfn.IFS(C28=0,0,C28>0,AVERAGEIFS('Raw Data'!$S$2:$S$670,'Raw Data'!$A$2:$A$670,$A28,'Raw Data'!$J$2:$J$670,$B28)) -> 4.9543103 | E28: =_xlfn.MAXIFS('Raw Data'!$S$2:$S$670,'Raw Data'!$A$2:$A$670,$A28,'Raw Data'!$J$2:$J$670,$B28) -> 27
A29: KST | B29: THBKK | C29: =COUNTIFS('Raw Data'!$A$2:$A$670,$A29,'Raw Data'!$J$2:$J$670,$B29) -> 33 | D29: =_xlfn.IFS(C29=0,0,C29>0,AVERAGEIFS('Raw Data'!$S$2:$S$670,'Raw Data'!$A$2:$A$670,$A29,'Raw Data'!$J$2:$J$670,$B29)) -> 3.3116303 | E29: =_xlfn.MAXIFS('Raw Data'!$S$2:$S$670,'Raw Data'!$A$2:$A$670,$A29,'Raw Data'!$J$2:$J$670,$B29) -> 18
A30: KST | B30: THLCH | C30: =COUNTIFS('Raw Data'!$A$2:$A$670,$A30,'Raw Data'!$J$2:$J$670,$B30) -> 67 | D30: =_xlfn.IFS(C30=0,0,C30>0,AVERAGEIFS('Raw Data'!$S$2:$S$670,'Raw Data'!$A$2:$A$670,$A30,'Raw Data'!$J$2:$J$670,$B30)) -> 3.6631925 | E30: =_xlfn.MAXIFS('Raw Data'!$S$2:$S$670,'Raw Data'!$A$2:$A$670,$A30,'Raw Data'!$J$2:$J$670,$B30) -> 72
A31: KTS1 | B31: THBKK | C31: =COUNTIFS('Raw Data'!$A$2:$A$670,$A31,'Raw Data'!$J$2:$J$670,$B31) -> 30 | D31: =_xlfn.IFS(C31=0,0,C31>0,AVERAGEIFS('Raw Data'!$S$2:$S$670,'Raw Data'!$A$2:$A$670,$A31,'Raw Data'!$J$2:$J$670,$B31)) -> 14.569443 | E31: =_xlfn.MAXIFS('Raw Data'!$S$2:$S$670,'Raw Data'!$A$2:$A$670,$A31,'Raw Data'!$J$2:$J$670,$B31) -> 49
... A37: VTS | B37: THLCH | C37: =COUNTIFS('Raw Data'!$A$2:$A$670,$A37,'Raw Data'!$J$2:$J$670,$B37) -> 63 | D37: =_xlfn.IFS(C37=0,0,C37>0,AVERAGEIFS('Raw Data'!$S$2:$S$670,'Raw Data'!$A$2:$A$670,$A37,'Raw Data'!$J$2:$J$670,$B37)) -> 3.1772476 | E37: =_xlfn.MAXIFS('Raw Data'!$S$2:$S$670,'Raw Data'!$A$2:$A$670,$A37,'Raw Data'!$J$2:$J$670,$B37) -> 19

Sheet Operator Summary
A1: Waiting Time by Operator (Op.Liner)
A3: Operator (OPR) | B3: Calls (Count) | C3: Avg Wait (Hrs) | D3: Median Wait (Hrs) | E3: Min Wait (Hrs) | F3: Max Wait (Hrs)
A4: SKR | B4: =COUNTIF('Raw Data'!$D$2:$D$670,$A4) -> 284 | C4: =AVERAGEIF('Raw Data'!$D$2:$D$670,$A4,'Raw Data'!$S$2:$S$670) -> 6.9352113 | D4: {=MEDIAN(IF('Raw Data'!$D$2:$D$670=$A4,'Raw Data'!$S$2:$S$670))} -> 2 | E4: =_xlfn.MINIFS('Raw Data'!$S$2:$S$670,'Raw Data'!$D$2:$D$670,$A4) -> 0 | F4: =_xlfn.MAXIFS('Raw Data'!$S$2:$S$670,'Raw Data'!$D$2:$D$670,$A4) -> 58
A5: KMT | B5: =COUNTIF('Raw Data'!$D$2:$D$670,$A5) -> 168 | C5: =AVERAGEIF('Raw Data'!$D$2:$D$670,$A5,'Raw Data'!$S$2:$S$670) -> 6.3323417 | D5: {=MEDIAN(IF('Raw Data'!$D$2:$D$670=$A5,'Raw Data'!$S$2:$S$670))} -> 2 | E5: =_xlfn.MINIFS('Raw Data'!$S$2:$S$670,'Raw Data'!$D$2:$D$670,$A5) -> 0.0167 | F5: =_xlfn.MAXIFS('Raw Data'!$S$2:$S$670,'Raw Data'!$D$2:$D$670,$A5) -> 58
A6: CKL | B6: =COUNTIF('Raw Data'!$D$2:$D$670,$A6) -> 45 | C6: =AVERAGEIF('Raw Data'!$D$2:$D$670,$A6,'Raw Data'!$S$2:$S$670) -> 4.3466711 | D6: {=MEDIAN(IF('Raw Data'!$D$2:$D$670=$A6,'Raw Data'!$S$2:$S$670))} -> 1 | E6: =_xlfn.MINIFS('Raw Data'!$S$2:$S$670,'Raw Data'!$D$2:$D$670,$A6) -> 0.0167 | F6: =_xlfn.MAXIFS('Raw Data'!$S$2:$S$670,'Raw Data'!$D$2:$D$670,$A6) -> 23.5
A7: NAM | B7: =COUNTIF('Raw Data'!$D$2:$D$670,$A7) -> 40 | C7: =AVERAGEIF('Raw Data'!$D$2:$D$670,$A7,'Raw Data'!$S$2:$S$670) -> 5.3754175 | D7: {=MEDIAN(IF('Raw Data'!$D$2:$D$670=$A7,'Raw Data'!$S$2:$S$670))} -> 2 | E7: =_xlfn.MINIFS('Raw Data'!$S$2:$S$670,'Raw Data'!$D$2:$D$670,$A7) -> 0.0167 | F7: =_xlfn.MAXIFS('Raw Data'!$S$2:$S$670,'Raw Data'!$D$2:$D$670,$A7) -> 25
A8: HAS | B8: =COUNTIF('Raw Data'!$D$2:$D$670,$A8) -> 36 | C8: =AVERAGEIF('Raw Data'!$D$2:$D$670,$A8,'Raw Data'!$S$2:$S$670) -> 7.8171306 | D8: {=MEDIAN(IF('Raw Data'!$D$2:$D$670=$A8,'Raw Data'!$S$2:$S$670))} -> 2.55 | E8: =_xlfn.MINIFS('Raw Data'!$S$2:$S$670,'Raw Data'!$D$2:$D$670,$A8) -> 0.2 | F8: =_xlfn.MAXIFS('Raw Data'!$S$2:$S$670,'Raw Data'!$D$2:$D$670,$A8) -> 46
A9: DJS | B9: =COUNTIF('Raw Data'!$D$2:$D$670,$A9) -> 30 | C9: =AVERAGEIF('Raw Data'!$D$2:$D$670,$A9,'Raw Data'!$S$2:$S$670) -> 3.9844467 | D9: {=MEDIAN(IF('Raw Data'!$D$2:$D$670=$A9,'Raw Data'!$S$2:$S$670))} -> 2.25 | E9: =_xlfn.MINIFS('Raw Data'!$S$2:$S$670,'Raw Data'!$D$2:$D$670,$A9) -> 0.0167 | F9: =_xlfn.MAXIFS('Raw Data'!$S$2:$S$670,'Raw Data'!$D$2:$D$670,$A9) -> 20.5
A10: TSL | B10: =COUNTIF('Raw Data'!$D$2:$D$670,$A10) -> 27 | C10: =AVERAGEIF('Raw Data'!$D$2:$D$670,$A10,'Raw Data'!$S$2:$S$670) -> 5.4814815 | D10: {=MEDIAN(IF('Raw Data'!$D$2:$D$670=$A10,'Raw Data'!$S$2:$S$670))} -> 1 | E10: =_xlfn.MINIFS('Raw Data'!$S$2:$S$670,'Raw Data'!$D$2:$D$670,$A10) -> 1 | F10: =_xlfn.MAXIFS('Raw Data'!$S$2:$S$670,'Raw Data'!$D$2:$D$670,$A10) -> 36
A11: PCS | B11: =COUNTIF('Raw Data'!$D$2:$D$670,$A11) -> 24 | C11: =AVERAGEIF('Raw Data'!$D$2:$D$670,$A11,'Raw Data'!$S$2:$S$670) -> 6.5882125 | D11: {=MEDIAN(IF('Raw Data'!$D$2:$D$670=$A11,'Raw Data'!$S$2:$S$670))} -> 0.425 | E11: =_xlfn.MINIFS('Raw Data'!$S$2:$S$670,'Raw Data'!$D$2:$D$670,$A11) -> 0.0167 | F11: =_xlfn.MAXIFS('Raw Data'!$S$2:$S$670,'Raw Data'!$D$2:$D$670,$A11) -> 72
A12: PAN | B12: =COUNTIF('Raw Data'!$D$2:$D$670,$A12) -> 15 | C12: =AVERAGEIF('Raw Data'!$D$2:$D$670,$A12,'Raw Data'!$S$2:$S$670) -> 1.2733467 | D12: {=MEDIAN(IF('Raw Data'!$D$2:$D$670=$A12,'Raw Data'!$S$2:$S$670))} -> 0.9833 | E12: =_xlfn.MINIFS('Raw Data'!$S$2:$S$670,'Raw Data'!$D$2:$D$670,$A12) -> 0.0167 | F12: =_xlfn.MAXIFS('Raw Data'!$S$2:$S$670,'Raw Data'!$D$2:$D$670,$A12) -> 7
A15: Waiting Time by Operator × Terminal
A16: Operator (OPR) | B16: Terminal | C16: Calls (Count) | D16: Avg Wait (Hrs) | E16: Max Wait (Hrs)
A17: CKL | B17: THBKK | C17: =COUNTIFS('Raw Data'!$D$2:$D$670,$A17,'Raw Data'!$J$2:$J$670,$B17) -> 15 | D17: =_xlfn.IFS(C17=0,0,C17>0,AVERAGEIFS('Raw Data'!$S$2:$S$670,'Raw Data'!$D$2:$D$670,$A17,'Raw Data'!$J$2:$J$670,$B17)) -> 8.1700067 | E17: =_xlfn.MAXIFS('Raw Data'!$S$2:$S$670,'Raw Data'!$D$2:$D$670,$A17,'Raw Data'!$J$2:$J$670,$B17) -> 23.5
A18: CKL | B18: THLCH | C18: =COUNTIFS('Raw Data'!$D$2:$D$670,$A18,'Raw Data'!$J$2:$J$670,$B18) -> 30 | D18: =_xlfn.IFS(C18=0,0,C18>0,AVERAGEIFS('Raw Data'!$S$2:$S$670,'Raw Data'!$D$2:$D$670,$A18,'Raw Data'!$J$2:$J$670,$B18)) -> 2.4350033 | E18: =_xlfn.MAXIFS('Raw Data'!$S$2:$S$670,'Raw Data'!$D$2:$D$670,$A18,'Raw Data'!$J$2:$J$670,$B18) -> 15
A19: DJS | B19: THBKK | C19: =COUNTIFS('Raw Data'!$D$2:$D$670,$A19,'Raw Data'!$J$2:$J$670,$B19) -> 10 | D19: =_xlfn.IFS(C19=0,0,C19>0,AVERAGEIFS('Raw Data'!$S$2:$S$670,'Raw Data'!$D$2:$D$670,$A19,'Raw Data'!$J$2:$J$670,$B19)) -> 4.90167 | E19: =_xlfn.MAXIFS('Raw Data'!$S$2:$S$670,'Raw Data'!$D$2:$D$670,$A19,'Raw Data'!$J$2:$J$670,$B19) -> 20.5
A20: DJS | B20: THLCH | C20: =COUNTIFS('Raw Data'!$D$2:$D$670,$A20,'Raw Data'!$J$2:$J$670,$B20) -> 20 | D20: =_xlfn.IFS(C20=0,0,C20>0,AVERAGEIFS('Raw Data'!$S$2:$S$670,'Raw Data'!$D$2:$D$670,$A20,'Raw Data'!$J$2:$J$670,$B20)) -> 3.525835 | E20: =_xlfn.MAXIFS('Raw Data'!$S$2:$S$670,'Raw Data'!$D$2:$D$670,$A20,'Raw Data'!$J$2:$J$670,$B20) -> 14
A21: HAS | B21: THBKK | C21: =COUNTIFS('Raw Data'!$D$2:$D$670,$A21,'Raw Data'!$J$2:$J$670,$B21) -> 10 | D21: =_xlfn.IFS(C21=0,0,C21>0,AVERAGEIFS('Raw Data'!$S$2:$S$670,'Raw Data'!$D$2:$D$670,$A21,'Raw Data'!$J$2:$J$670,$B21)) -> 16.79 | E21: =_xlfn.MAXIFS('Raw Data'!$S$2:$S$670,'Raw Data'!$D$2:$D$670,$A21,'Raw Data'!$J$2:$J$670,$B21) -> 46
A22: HAS | B22: THLCH | C22: =COUNTIFS('Raw Data'!$D$2:$D$670,$A22,'Raw Data'!$J$2:$J$670,$B22) -> 26 | D22: =_xlfn.IFS(C22=0,0,C22>0,AVERAGEIFS('Raw Data'!$S$2:$S$670,'Raw Data'!$D$2:$D$670,$A22,'Raw Data'!$J$2:$J$670,$B22)) -> 4.3660269 | E22: =_xlfn.MAXIFS('Raw Data'!$S$2:$S$670,'Raw Data'!$D$2:$D$670,$A22,'Raw Data'!$J$2:$J$670,$B22) -> 27
A23: KMT | B23: THBKK | C23: =COUNTIFS('Raw Data'!$D$2:$D$670,$A23,'Raw Data'!$J$2:$J$670,$B23) -> 54 | D23: =_xlfn.IFS(C23=0,0,C23>0,AVERAGEIFS('Raw Data'!$S$2:$S$670,'Raw Data'!$D$2:$D$670,$A23,'Raw Data'!$J$2:$J$670,$B23)) -> 12.617593 | E23: =_xlfn.MAXIFS('Raw Data'!$S$2:$S$670,'Raw Data'!$D$2:$D$670,$A23,'Raw Data'!$J$2:$J$670,$B23) -> 58
A24: KMT | B24: THLCH | C24: =COUNTIFS('Raw Data'!$D$2:$D$670,$A24,'Raw Data'!$J$2:$J$670,$B24) -> 114 | D24: =_xlfn.IFS(C24=0,0,C24>0,AVERAGEIFS('Raw Data'!$S$2:$S$670,'Raw Data'!$D$2:$D$670,$A24,'Raw Data'!$J$2:$J$670,$B24)) -> 3.3551175 | E24: =_xlfn.MAXIFS('Raw Data'!$S$2:$S$670,'Raw Data'!$D$2:$D$670,$A24,'Raw Data'!$J$2:$J$670,$B24) -> 19
A25: NAM | B25: THBKK | C25: =COUNTIFS('Raw Data'!$D$2:$D$670,$A25,'Raw Data'!$J$2:$J$670,$B25) -> 11 | D25: =_xlfn.IFS(C25=0,0,C25>0,AVERAGEIFS('Raw Data'!$S$2:$S$670,'Raw Data'!$D$2:$D$670,$A25,'Raw Data'!$J$2:$J$670,$B25)) -> 6.2727273 | E25: =_xlfn.MAXIFS('Raw Data'!$S$2:$S$670,'Raw Data'!$D$2:$D$670,$A25,'Raw Data'!$J$2:$J$670,$B25) -> 17
A26: NAM | B26: THLCH | C26: =COUNTIFS('Raw Data'!$D$2:$D$670,$A26,'Raw Data'!$J$2:$J$670,$B26) -> 29 | D26: =_xlfn.IFS(C26=0,0,C26>0,AVERAGEIFS('Raw Data'!$S$2:$S$670,'Raw Data'!$D$2:$D$670,$A26,'Raw Data'!$J$2:$J$670,$B26)) -> 5.0350586 | E26: =_xlfn.MAXIFS('Raw Data'!$S$2:$S$670,'Raw Data'!$D$2:$D$670,$A26,'Raw Data'!$J$2:$J$670,$B26) -> 25
A27: PAN | B27: THBKK | C27: =COUNTIFS('Raw Data'!$D$2:$D$670,$A27,'Raw Data'!$J$2:$J$670,$B27) -> 5 | D27: =_xlfn.IFS(C27=0,0,C27>0,AVERAGEIFS('Raw Data'!$S$2:$S$670,'Raw Data'!$D$2:$D$670,$A27,'Raw Data'!$J$2:$J$670,$B27)) -> 1.21336 | E27: =_xlfn.MAXIFS('Raw Data'!$S$2:$S$670,'Raw Data'!$D$2:$D$670,$A27,'Raw Data'!$J$2:$J$670,$B27) -> 6
A28: PAN | B28: THLCH | C28: =COUNTIFS('Raw Data'!$D$2:$D$670,$A28,'Raw Data'!$J$2:$J$670,$B28) -> 10 | D28: =_xlfn.IFS(C28=0,0,C28>0,AVERAGEIFS('Raw Data'!$S$2:$S$670,'Raw Data'!$D$2:$D$670,$A28,'Raw Data'!$J$2:$J$670,$B28)) -> 1.30334 | E28: =_xlfn.MAXIFS('Raw Data'!$S$2:$S$670,'Raw Data'!$D$2:$D$670,$A28,'Raw Data'!$J$2:$J$670,$B28) -> 7
... A34: TSL | B34: THLCH | C34: =COUNTIFS('Raw Data'!$D$2:$D$670,$A34,'Raw Data'!$J$2:$J$670,$B34) -> 18 | D34: =_xlfn.IFS(C34=0,0,C34>0,AVERAGEIFS('Raw Data'!$S$2:$S$670,'Raw Data'!$D$2:$D$670,$A34,'Raw Data'!$J$2:$J$670,$B34)) -> 2.1666667 | E34: =_xlfn.MAXIFS('Raw Data'!$S$2:$S$670,'Raw Data'!$D$2:$D$670,$A34,'Raw Data'!$J$2:$J$670,$B34) -> 8

Sheet Monthly Trend
A1: Monthly Average Waiting Time by Terminal
A3: Month | B3: THBKK Avg Wait (Hrs) | C3: THLCH Avg Wait (Hrs) | D3: THBKK Calls | E3: THLCH Calls
A4: 2026-01 | B4: =IFERROR(AVERAGEIFS('Raw Data'!$S$2:$S$670,'Raw Data'!$T$2:$T$670,$A4,'Raw Data'!$J$2:$J$670,"THBKK"),0) -> 10.340003 | C4: =IFERROR(AVERAGEIFS('Raw Data'!$S$2:$S$670,'Raw Data'!$T$2:$T$670,$A4,'Raw Data'!$J$2:$J$670,"THLCH"),0) -> 3.0590197 | D4: =COUNTIFS('Raw Data'!$T$2:$T$670,$A4,'Raw Data'!$J$2:$J$670,"THBKK") -> 30 | E4: =COUNTIFS('Raw Data'!$T$2:$T$670,$A4,'Raw Data'!$J$2:$J$670,"THLCH") -> 61
A5: 2026-02 | B5: =IFERROR(AVERAGEIFS('Raw Data'!$S$2:$S$670,'Raw Data'!$T$2:$T$670,$A5,'Raw Data'!$J$2:$J$670,"THBKK"),0) -> 16.742668 | C5: =IFERROR(AVERAGEIFS('Raw Data'!$S$2:$S$670,'Raw Data'!$T$2:$T$670,$A5,'Raw Data'!$J$2:$J$670,"THLCH"),0) -> 4.1977981 | D5: =COUNTIFS('Raw Data'!$T$2:$T$670,$A5,'Raw Data'!$J$2:$J$670,"THBKK") -> 25 | E5: =COUNTIFS('Raw Data'!$T$2:$T$670,$A5,'Raw Data'!$J$2:$J$670,"THLCH") -> 53
A6: 2026-03 | B6: =IFERROR(AVERAGEIFS('Raw Data'!$S$2:$S$670,'Raw Data'!$T$2:$T$670,$A6,'Raw Data'!$J$2:$J$670,"THBKK"),0) -> 16.500642 | C6: =IFERROR(AVERAGEIFS('Raw Data'!$S$2:$S$670,'Raw Data'!$T$2:$T$670,$A6,'Raw Data'!$J$2:$J$670,"THLCH"),0) -> 6.5124236 | D6: =COUNTIFS('Raw Data'!$T$2:$T$670,$A6,'Raw Data'!$J$2:$J$670,"THBKK") -> 26 | E6: =COUNTIFS('Raw Data'!$T$2:$T$670,$A6,'Raw Data'!$J$2:$J$670,"THLCH") -> 55
A7: 2026-04 | B7: =IFERROR(AVERAGEIFS('Raw Data'!$S$2:$S$670,'Raw Data'!$T$2:$T$670,$A7,'Raw Data'!$J$2:$J$670,"THBKK"),0) -> 8.6362304 | C7: =IFERROR(AVERAGEIFS('Raw Data'!$S$2:$S$670,'Raw Data'!$T$2:$T$670,$A7,'Raw Data'!$J$2:$J$670,"THLCH"),0) -> 3.4345685 | D7: =COUNTIFS('Raw Data'!$T$2:$T$670,$A7,'Raw Data'!$J$2:$J$670,"THBKK") -> 23 | E7: =COUNTIFS('Raw Data'!$T$2:$T$670,$A7,'Raw Data'!$J$2:$J$670,"THLCH") -> 54
A8: 2026-05 | B8: =IFERROR(AVERAGEIFS('Raw Data'!$S$2:$S$670,'Raw Data'!$T$2:$T$670,$A8,'Raw Data'!$J$2:$J$670,"THBKK"),0) -> 8.2384654 | C8: =IFERROR(AVERAGEIFS('Raw Data'!$S$2:$S$670,'Raw Data'!$T$2:$T$670,$A8,'Raw Data'!$J$2:$J$670,"THLCH"),0) -> 4.1438632 | D8: =COUNTIFS('Raw Data'!$T$2:$T$670,$A8,'Raw Data'!$J$2:$J$670,"THBKK") -> 26 | E8: =COUNTIFS('Raw Data'!$T$2:$T$670,$A8,'Raw Data'!$J$2:$J$670,"THLCH") -> 57
A9: 2026-06 | B9: =IFERROR(AVERAGEIFS('Raw Data'!$S$2:$S$670,'Raw Data'!$T$2:$T$670,$A9,'Raw Data'!$J$2:$J$670,"THBKK"),0) -> 9.3791708 | C9: =IFERROR(AVERAGEIFS('Raw Data'!$S$2:$S$670,'Raw Data'!$T$2:$T$670,$A9,'Raw Data'!$J$2:$J$670,"THLCH"),0) -> 2.6065373 | D9: =COUNTIFS('Raw Data'!$T$2:$T$670,$A9,'Raw Data'!$J$2:$J$670,"THBKK") -> 24 | E9: =COUNTIFS('Raw Data'!$T$2:$T$670,$A9,'Raw Data'!$J$2:$J$670,"THLCH") -> 51
A10: 2026-07 | B10: =IFERROR(AVERAGEIFS('Raw Data'!$S$2:$S$670,'Raw Data'!$T$2:$T$670,$A10,'Raw Data'!$J$2:$J$670,"THBKK"),0) -> 13.517391 | C10: =IFERROR(AVERAGEIFS('Raw Data'!$S$2:$S$670,'Raw Data'!$T$2:$T$670,$A10,'Raw Data'!$J$2:$J$670,"THLCH"),0) -> 3.6574429 | D10: =COUNTIFS('Raw Data'!$T$2:$T$670,$A10,'Raw Data'!$J$2:$J$670,"THBKK") -> 23 | E10: =COUNTIFS('Raw Data'!$T$2:$T$670,$A10,'Raw Data'!$J$2:$J$670,"THLCH") -> 56
A11: 2026-08 | B11: =IFERROR(AVERAGEIFS('Raw Data'!$S$2:$S$670,'Raw Data'!$T$2:$T$670,$A11,'Raw Data'!$J$2:$J$670,"THBKK"),0) -> 8.1934783 | C11: =IFERROR(AVERAGEIFS('Raw Data'!$S$2:$S$670,'Raw Data'!$T$2:$T$670,$A11,'Raw Data'!$J$2:$J$670,"THLCH"),0) -> 4.8881836 | D11: =COUNTIFS('Raw Data'!$T$2:$T$670,$A11,'Raw Data'!$J$2:$J$670,"THBKK") -> 23 | E11: =COUNTIFS('Raw Data'!$T$2:$T$670,$A11,'Raw Data'!$J$2:$J$670,"THLCH") -> 55
A12: 2026-09 | B12: =IFERROR(AVERAGEIFS('Raw Data'!$S$2:$S$670,'Raw Data'!$T$2:$T$670,$A12,'Raw Data'!$J$2:$J$670,"THBKK"),0) -> 5.3 | C12: =IFERROR(AVERAGEIFS('Raw Data'!$S$2:$S$670,'Raw Data'!$T$2:$T$670,$A12,'Raw Data'!$J$2:$J$670,"THLCH"),0) -> 1.77315 | D12: =COUNTIFS('Raw Data'!$T$2:$T$670,$A12,'Raw Data'!$J$2:$J$670,"THBKK") -> 9 | E12: =COUNTIFS('Raw Data'!$T$2:$T$670,$A12,'Raw Data'!$J$2:$J$670,"THLCH") -> 18

Sheet Top 20 Longest Waits
A1: Top 20 Longest Berth Waiting Times (ETA → ETB)
A3: Rank | B3: Service | C3: Vessel | D3: Vessel Name | E3: Wharf | F3: Terminal | G3: POD | H3: ETA Date | I3: ETB Date | J3: Wait (Hrs)
A4: 1 | B4: =INDEX('Raw Data'!$A$2:$A$670,MATCH($A4,'Raw Data'!$U$2:$U$670,0)) -> KST | C4: =INDEX('Raw Data'!$B$2:$B$670,MATCH($A4,'Raw Data'!$U$2:$U$670,0)) -> PCCP | D4: =INDEX('Raw Data'!$C$2:$C$670,MATCH($A4,'Raw Data'!$U$2:$U$670,0)) -> PANCON CHAMPION | E4: =INDEX('Raw Data'!$I$2:$I$670,MATCH($A4,'Raw Data'!$U$2:$U$670,0)) -> LCH05 | F4: =INDEX('Raw Data'!$J$2:$J$670,MATCH($A4,'Raw Data'!$U$2:$U$670,0)) -> THLCH | G4: =INDEX('Raw Data'!$K$2:$K$670,MATCH($A4,'Raw Data'!$U$2:$U$670,0)) -> VNSGN | H4: =INDEX('Raw Data'!$P$2:$P$670,MATCH($A4,'Raw Data'!$U$2:$U$670,0)) -> 46112.208 | I4: =INDEX('Raw Data'!$Q$2:$Q$670,MATCH($A4,'Raw Data'!$U$2:$U$670,0)) -> 46115.208 | J4: =INDEX('Raw Data'!$S$2:$S$670,MATCH($A4,'Raw Data'!$U$2:$U$670,0)) -> 72
A5: 2 | B5: =INDEX('Raw Data'!$A$2:$A$670,MATCH($A5,'Raw Data'!$U$2:$U$670,0)) -> KHS1 | C5: =INDEX('Raw Data'!$B$2:$B$670,MATCH($A5,'Raw Data'!$U$2:$U$670,0)) -> KPN | D5: =INDEX('Raw Data'!$C$2:$C$670,MATCH($A5,'Raw Data'!$U$2:$U$670,0)) -> KMTC PUSAN | E5: =INDEX('Raw Data'!$I$2:$I$670,MATCH($A5,'Raw Data'!$U$2:$U$670,0)) -> BKK01 | F5: =INDEX('Raw Data'!$J$2:$J$670,MATCH($A5,'Raw Data'!$U$2:$U$670,0)) -> THBKK | G5: =INDEX('Raw Data'!$K$2:$K$670,MATCH($A5,'Raw Data'!$U$2:$U$670,0)) -> THLCH | H5: =INDEX('Raw Data'!$P$2:$P$670,MATCH($A5,'Raw Data'!$U$2:$U$670,0)) -> 46025.083 | I5: =INDEX('Raw Data'!$Q$2:$Q$670,MATCH($A5,'Raw Data'!$U$2:$U$670,0)) -> 46027.5 | J5: =INDEX('Raw Data'!$S$2:$S$670,MATCH($A5,'Raw Data'!$U$2:$U$670,0)) -> 58
A6: 3 | B6: =INDEX('Raw Data'!$A$2:$A$670,MATCH($A6,'Raw Data'!$U$2:$U$670,0)) -> KHS1 | C6: =INDEX('Raw Data'!$B$2:$B$670,MATCH($A6,'Raw Data'!$U$2:$U$670,0)) -> SWIC | D6: =INDEX('Raw Data'!$C$2:$C$670,MATCH($A6,'Raw Data'!$U$2:$U$670,0)) -> SAWASDEE INCHEON | E6: =INDEX('Raw Data'!$I$2:$I$670,MATCH($A6,'Raw Data'!$U$2:$U$670,0)) -> BKK01 | F6: =INDEX('Raw Data'!$J$2:$J$670,MATCH($A6,'Raw Data'!$U$2:$U$670,0)) -> THBKK | G6: =INDEX('Raw Data'!$K$2:$K$670,MATCH($A6,'Raw Data'!$U$2:$U$670,0)) -> THLCH | H6: =INDEX('Raw Data'!$P$2:$P$670,MATCH($A6,'Raw Data'!$U$2:$U$670,0)) -> 46062.917 | I6: =INDEX('Raw Data'!$Q$2:$Q$670,MATCH($A6,'Raw Data'!$U$2:$U$670,0)) -> 46065.333 | J6: =INDEX('Raw Data'!$S$2:$S$670,MATCH($A6,'Raw Data'!$U$2:$U$670,0)) -> 58
A7: 4 | B7: =INDEX('Raw Data'!$A$2:$A$670,MATCH($A7,'Raw Data'!$U$2:$U$670,0)) -> CHT | C7: =INDEX('Raw Data'!$B$2:$B$670,MATCH($A7,'Raw Data'!$U$2:$U$670,0)) -> SWMM | D7: =INDEX('Raw Data'!$C$2:$C$670,MATCH($A7,'Raw Data'!$U$2:$U$670,0)) -> SAWASDEE MIMOSA | E7: =INDEX('Raw Data'!$I$2:$I$670,MATCH($A7,'Raw Data'!$U$2:$U$670,0)) -> LCH05 | F7: =INDEX('Raw Data'!$J$2:$J$670,MATCH($A7,'Raw Data'!$U$2:$U$670,0)) -> THLCH | G7: =INDEX('Raw Data'!$K$2:$K$670,MATCH($A7,'Raw Data'!$U$2:$U$670,0)) -> HKHKG | H7: =INDEX('Raw Data'!$P$2:$P$670,MATCH($A7,'Raw Data'!$U$2:$U$670,0)) -> 46113.792 | I7: =INDEX('Raw Data'!$Q$2:$Q$670,MATCH($A7,'Raw Data'!$U$2:$U$670,0)) -> 46116.042 | J7: =INDEX('Raw Data'!$S$2:$S$670,MATCH($A7,'Raw Data'!$U$2:$U$670,0)) -> 54
A8: 5 | B8: =INDEX('Raw Data'!$A$2:$A$670,MATCH($A8,'Raw Data'!$U$2:$U$670,0)) -> KHS1 | C8: =INDEX('Raw Data'!$B$2:$B$670,MATCH($A8,'Raw Data'!$U$2:$U$670,0)) -> SWIC | D8: =INDEX('Raw Data'!$C$2:$C$670,MATCH($A8,'Raw Data'!$U$2:$U$670,0)) -> SAWASDEE INCHEON | E8: =INDEX('Raw Data'!$I$2:$I$670,MATCH($A8,'Raw Data'!$U$2:$U$670,0)) -> BKK01 | F8: =INDEX('Raw Data'!$J$2:$J$670,MATCH($A8,'Raw Data'!$U$2:$U$670,0)) -> THBKK | G8: =INDEX('Raw Data'!$K$2:$K$670,MATCH($A8,'Raw Data'!$U$2:$U$670,0)) -> THLCH | H8: =INDEX('Raw Data'!$P$2:$P$670,MATCH($A8,'Raw Data'!$U$2:$U$670,0)) -> 46231.708 | I8: =INDEX('Raw Data'!$Q$2:$Q$670,MATCH($A8,'Raw Data'!$U$2:$U$670,0)) -> 46233.875 | J8: =INDEX('Raw Data'!$S$2:$S$670,MATCH($A8,'Raw Data'!$U$2:$U$670,0)) -> 52
A9: 6 | B9: =INDEX('Raw Data'!$A$2:$A$670,MATCH($A9,'Raw Data'!$U$2:$U$670,0)) -> KTS1 | C9: =INDEX('Raw Data'!$B$2:$B$670,MATCH($A9,'Raw Data'!$U$2:$U$670,0)) -> KMTP | D9: =INDEX('Raw Data'!$C$2:$C$670,MATCH($A9,'Raw Data'!$U$2:$U$670,0)) -> KMTC TAIPEIS | E9: =INDEX('Raw Data'!$I$2:$I$670,MATCH($A9,'Raw Data'!$U$2:$U$670,0)) -> BKK01 | F9: =INDEX('Raw Data'!$J$2:$J$670,MATCH($A9,'Raw Data'!$U$2:$U$670,0)) -> THBKK | G9: =INDEX('Raw Data'!$K$2:$K$670,MATCH($A9,'Raw Data'!$U$2:$U$670,0)) -> THLCH | H9: =INDEX('Raw Data'!$P$2:$P$670,MATCH($A9,'Raw Data'!$U$2:$U$670,0)) -> 46062.292 | I9: =INDEX('Raw Data'!$Q$2:$Q$670,MATCH($A9,'Raw Data'!$U$2:$U$670,0)) -> 46064.333 | J9: =INDEX('Raw Data'!$S$2:$S$670,MATCH($A9,'Raw Data'!$U$2:$U$670,0)) -> 49
A10: 7 | B10: =INDEX('Raw Data'!$A$2:$A$670,MATCH($A10,'Raw Data'!$U$2:$U$670,0)) -> KST | C10: =INDEX('Raw Data'!$B$2:$B$670,MATCH($A10,'Raw Data'!$U$2:$U$670,0)) -> SWVG | D10: =INDEX('Raw Data'!$C$2:$C$670,MATCH($A10,'Raw Data'!$U$2:$U$670,0)) -> SAWASDEE VEGA | E10: =INDEX('Raw Data'!$I$2:$I$670,MATCH($A10,'Raw Data'!$U$2:$U$670,0)) -> LCH05 | F10: =INDEX('Raw Data'!$J$2:$J$670,MATCH($A10,'Raw Data'!$U$2:$U$670,0)) -> THLCH | G10: =INDEX('Raw Data'!$K$2:$K$670,MATCH($A10,'Raw Data'!$U$2:$U$670,0)) -> THBKK | H10: =INDEX('Raw Data'!$P$2:$P$670,MATCH($A10,'Raw Data'!$U$2:$U$670,0)) -> 46082.958 | I10: =INDEX('Raw Data'!$Q$2:$Q$670,MATCH($A10,'Raw Data'!$U$2:$U$670,0)) -> 46084.993 | J10: =INDEX('Raw Data'!$S$2:$S$670,MATCH($A10,'Raw Data'!$U$2:$U$670,0)) -> 48.8333
A11: 8 | B11: =INDEX('Raw Data'!$A$2:$A$670,MATCH($A11,'Raw Data'!$U$2:$U$670,0)) -> KHS1 | C11: =INDEX('Raw Data'!$B$2:$B$670,MATCH($A11,'Raw Data'!$U$2:$U$670,0)) -> SWIC | D11: =INDEX('Raw Data'!$C$2:$C$670,MATCH($A11,'Raw Data'!$U$2:$U$670,0)) -> SAWASDEE INCHEON | E11: =INDEX('Raw Data'!$I$2:$I$670,MATCH($A11,'Raw Data'!$U$2:$U$670,0)) -> BKK01 | F11: =INDEX('Raw Data'!$J$2:$J$670,MATCH($A11,'Raw Data'!$U$2:$U$670,0)) -> THBKK | G11: =INDEX('Raw Data'!$K$2:$K$670,MATCH($A11,'Raw Data'!$U$2:$U$670,0)) -> THLCH | H11: =INDEX('Raw Data'!$P$2:$P$670,MATCH($A11,'Raw Data'!$U$2:$U$670,0)) -> 46184.708 | I11: =INDEX('Raw Data'!$Q$2:$Q$670,MATCH($A11,'Raw Data'!$U$2:$U$670,0)) -> 46186.708 | J11: =INDEX('Raw Data'!$S$2:$S$670,MATCH($A11,'Raw Data'!$U$2:$U$670,0)) -> 48
A12: 9 | B12: =INDEX('Raw Data'!$A$2:$A$670,MATCH($A12,'Raw Data'!$U$2:$U$670,0)) -> KHS1 | C12: =INDEX('Raw Data'!$B$2:$B$670,MATCH($A12,'Raw Data'!$U$2:$U$670,0)) -> HAHM | D12: =INDEX('Raw Data'!$C$2:$C$670,MATCH($A12,'Raw Data'!$U$2:$U$670,0)) -> HEUNG-A HOCHIMINH | E12: =INDEX('Raw Data'!$I$2:$I$670,MATCH($A12,'Raw Data'!$U$2:$U$670,0)) -> BKK01 | F12: =INDEX('Raw Data'!$J$2:$J$670,MATCH($A12,'Raw Data'!$U$2:$U$670,0)) -> THBKK | G12: =INDEX('Raw Data'!$K$2:$K$670,MATCH($A12,'Raw Data'!$U$2:$U$670,0)) -> THLCH | H12: =INDEX('Raw Data'!$P$2:$P$670,MATCH($A12,'Raw Data'!$U$2:$U$670,0)) -> 46068.417 | I12: =INDEX('Raw Data'!$Q$2:$Q$670,MATCH($A12,'Raw Data'!$U$2:$U$670,0)) -> 46070.333 | J12: =INDEX('Raw Data'!$S$2:$S$670,MATCH($A12,'Raw Data'!$U$2:$U$670,0)) -> 46
A13: 10 | B13: =INDEX('Raw Data'!$A$2:$A$670,MATCH($A13,'Raw Data'!$U$2:$U$670,0)) -> BTS | C13: =INDEX('Raw Data'!$B$2:$B$670,MATCH($A13,'Raw Data'!$U$2:$U$670,0)) -> SWAT | D13: =INDEX('Raw Data'!$C$2:$C$670,MATCH($A13,'Raw Data'!$U$2:$U$670,0)) -> SAWASDEE ATLANTIC | E13: =INDEX('Raw Data'!$I$2:$I$670,MATCH($A13,'Raw Data'!$U$2:$U$670,0)) -> BKK04 | F13: =INDEX('Raw Data'!$J$2:$J$670,MATCH($A13,'Raw Data'!$U$2:$U$670,0)) -> THBKK | G13: =INDEX('Raw Data'!$K$2:$K$670,MATCH($A13,'Raw Data'!$U$2:$U$670,0)) -> THLCH | H13: =INDEX('Raw Data'!$P$2:$P$670,MATCH($A13,'Raw Data'!$U$2:$U$670,0)) -> 46063.5 | I13: =INDEX('Raw Data'!$Q$2:$Q$670,MATCH($A13,'Raw Data'!$U$2:$U$670,0)) -> 46065.375 | J13: =INDEX('Raw Data'!$S$2:$S$670,MATCH($A13,'Raw Data'!$U$2:$U$670,0)) -> 45
A14: 11 | B14: =INDEX('Raw Data'!$A$2:$A$670,MATCH($A14,'Raw Data'!$U$2:$U$670,0)) -> VTS | C14: =INDEX('Raw Data'!$B$2:$B$670,MATCH($A14,'Raw Data'!$U$2:$U$670,0)) -> KJT | D14: =INDEX('Raw Data'!$C$2:$C$670,MATCH($A14,'Raw Data'!$U$2:$U$670,0)) -> KMTC JAKARTA | E14: =INDEX('Raw Data'!$I$2:$I$670,MATCH($A14,'Raw Data'!$U$2:$U$670,0)) -> BKK01 | F14: =INDEX('Raw Data'!$J$2:$J$670,MATCH($A14,'Raw Data'!$U$2:$U$670,0)) -> THBKK | G14: =INDEX('Raw Data'!$K$2:$K$670,MATCH($A14,'Raw Data'!$U$2:$U$670,0)) -> THLCH | H14: =INDEX('Raw Data'!$P$2:$P$670,MATCH($A14,'Raw Data'!$U$2:$U$670,0)) -> 46062.25 | I14: =INDEX('Raw Data'!$Q$2:$Q$670,MATCH($A14,'Raw Data'!$U$2:$U$670,0)) -> 46063.993 | J14: =INDEX('Raw Data'!$S$2:$S$670,MATCH($A14,'Raw Data'!$U$2:$U$670,0)) -> 41.8333
A15: 12 | B15: =INDEX('Raw Data'!$A$2:$A$670,MATCH($A15,'Raw Data'!$U$2:$U$670,0)) -> KST | C15: =INDEX('Raw Data'!$B$2:$B$670,MATCH($A15,'Raw Data'!$U$2:$U$670,0)) -> PCCP | D15: =INDEX('Raw Data'!$C$2:$C$670,MATCH($A15,'Raw Data'!$U$2:$U$670,0)) -> PANCON CHAMPION | E15: =INDEX('Raw Data'!$I$2:$I$670,MATCH($A15,'Raw Data'!$U$2:$U$670,0)) -> LCH05 | F15: =INDEX('Raw Data'!$J$2:$J$670,MATCH($A15,'Raw Data'!$U$2:$U$670,0)) -> THLCH | G15: =INDEX('Raw Data'!$K$2:$K$670,MATCH($A15,'Raw Data'!$U$2:$U$670,0)) -> VNSGN | H15: =INDEX('Raw Data'!$P$2:$P$670,MATCH($A15,'Raw Data'!$U$2:$U$670,0)) -> 46227.708 | I15: =INDEX('Raw Data'!$Q$2:$Q$670,MATCH($A15,'Raw Data'!$U$2:$U$670,0)) -> 46229.413 | J15: =INDEX('Raw Data'!$S$2:$S$670,MATCH($A15,'Raw Data'!$U$2:$U$670,0)) -> 40.9167
... A23: 20 | B23: =INDEX('Raw Data'!$A$2:$A$670,MATCH($A23,'Raw Data'!$U$2:$U$670,0)) -> KTS1 | C23: =INDEX('Raw Data'!$B$2:$B$670,MATCH($A23,'Raw Data'!$U$2:$U$670,0)) -> KMGY | D23: =INDEX('Raw Data'!$C$2:$C$670,MATCH($A23,'Raw Data'!$U$2:$U$670,0)) -> KMTC GWANGYANG | E23: =INDEX('Raw Data'!$I$2:$I$670,MATCH($A23,'Raw Data'!$U$2:$U$670,0)) -> BKK01 | F23: =INDEX('Raw Data'!$J$2:$J$670,MATCH($A23,'Raw Data'!$U$2:$U$670,0)) -> THBKK | G23: =INDEX('Raw Data'!$K$2:$K$670,MATCH($A23,'Raw Data'!$U$2:$U$670,0)) -> THLCH | H23: =INDEX('Raw Data'!$P$2:$P$670,MATCH($A23,'Raw Data'!$U$2:$U$670,0)) -> 46024.125 | I23: =INDEX('Raw Data'!$Q$2:$Q$670,MATCH($A23,'Raw Data'!$U$2:$U$670,0)) -> 46025.375 | J23: =INDEX('Raw Data'!$S$2:$S$670,MATCH($A23,'Raw Data'!$U$2:$U$670,0)) -> 30

Sheet Wait Distribution
A1: Waiting Time Distribution by Terminal
A3: Terminal | B3: 0-1 Hrs | C3: 1-2 Hrs | D3: 2-4 Hrs | E3: 4-8 Hrs | F3: 8-24 Hrs | G3: >24 Hrs
A4: THBKK | B4: =COUNTIFS('Raw Data'!$J$2:$J$670,$A4,'Raw Data'!$S$2:$S$670,">="&0,'Raw Data'!$S$2:$S$670,"<="&1) -> 18 | C4: =COUNTIFS('Raw Data'!$J$2:$J$670,$A4,'Raw Data'!$S$2:$S$670,">"&1,'Raw Data'!$S$2:$S$670,"<="&2) -> 22 | D4: =COUNTIFS('Raw Data'!$J$2:$J$670,$A4,'Raw Data'!$S$2:$S$670,">"&2,'Raw Data'!$S$2:$S$670,"<="&4) -> 38 | E4: =COUNTIFS('Raw Data'!$J$2:$J$670,$A4,'Raw Data'!$S$2:$S$670,">"&4,'Raw Data'!$S$2:$S$670,"<="&8) -> 26 | F4: =COUNTIFS('Raw Data'!$J$2:$J$670,$A4,'Raw Data'!$S$2:$S$670,">"&8,'Raw Data'!$S$2:$S$670,"<="&24) -> 83 | G4: =COUNTIFS('Raw Data'!$J$2:$J$670,$A4,'Raw Data'!$S$2:$S$670,">"&24) -> 22
A5: THLCH | B5: =COUNTIFS('Raw Data'!$J$2:$J$670,$A5,'Raw Data'!$S$2:$S$670,">="&0,'Raw Data'!$S$2:$S$670,"<="&1) -> 284 | C5: =COUNTIFS('Raw Data'!$J$2:$J$670,$A5,'Raw Data'!$S$2:$S$670,">"&1,'Raw Data'!$S$2:$S$670,"<="&2) -> 30 | D5: =COUNTIFS('Raw Data'!$J$2:$J$670,$A5,'Raw Data'!$S$2:$S$670,">"&2,'Raw Data'!$S$2:$S$670,"<="&4) -> 32 | E5: =COUNTIFS('Raw Data'!$J$2:$J$670,$A5,'Raw Data'!$S$2:$S$670,">"&4,'Raw Data'!$S$2:$S$670,"<="&8) -> 49 | F5: =COUNTIFS('Raw Data'!$J$2:$J$670,$A5,'Raw Data'!$S$2:$S$670,">"&8,'Raw Data'!$S$2:$S$670,"<="&24) -> 53 | G5: =COUNTIFS('Raw Data'!$J$2:$J$670,$A5,'Raw Data'!$S$2:$S$670,">"&24) -> 12

Sheet Operational Insights
A1: Operational Insights — Beyond Berth Waiting Time
A3: 1. Root Cause — THBKK Wait Is Largely Tidal (Bangkok Bar), Not Operational
A4: Operational input: THBKK (Port of Bangkok / PAT) is a river terminal reached via the Chao Phraya river mouth ("Bangkok Bar"). Deep-draft vessels can only cross the bar around high tide, so they arrive (ETA) and then wait offshore for the next tide window before proceeding upriver to berth (ETB). THLCH (Laem Chabang) is a deep-sea terminal with no such restriction — confirmed below by the ETB (berthing) hour-of-day pattern.
A6: Hour of Day (ETB) | B6: THBKK % of Berthings | C6: THLCH % of Berthings | D6: THBKK Calls | E6: THLCH Calls
A7: 00:00 | B7: =COUNTIFS('Raw Data'!$Y$2:$Y$670,0,'Raw Data'!$J$2:$J$670,"THBKK")/COUNTIF('Raw Data'!$J$2:$J$670,"THBKK") -> 0.019138756 | C7: =COUNTIFS('Raw Data'!$Y$2:$Y$670,0,'Raw Data'!$J$2:$J$670,"THLCH")/COUNTIF('Raw Data'!$J$2:$J$670,"THLCH") -> 0.047826087 | D7: =COUNTIFS('Raw Data'!$Y$2:$Y$670,0,'Raw Data'!$J$2:$J$670,"THBKK") -> 4 | E7: =COUNTIFS('Raw Data'!$Y$2:$Y$670,0,'Raw Data'!$J$2:$J$670,"THLCH") -> 22
A8: 01:00 | B8: =COUNTIFS('Raw Data'!$Y$2:$Y$670,1,'Raw Data'!$J$2:$J$670,"THBKK")/COUNTIF('Raw Data'!$J$2:$J$670,"THBKK") -> 0.033492823 | C8: =COUNTIFS('Raw Data'!$Y$2:$Y$670,1,'Raw Data'!$J$2:$J$670,"THLCH")/COUNTIF('Raw Data'!$J$2:$J$670,"THLCH") -> 0.05 | D8: =COUNTIFS('Raw Data'!$Y$2:$Y$670,1,'Raw Data'!$J$2:$J$670,"THBKK") -> 7 | E8: =COUNTIFS('Raw Data'!$Y$2:$Y$670,1,'Raw Data'!$J$2:$J$670,"THLCH") -> 23
A9: 02:00 | B9: =COUNTIFS('Raw Data'!$Y$2:$Y$670,2,'Raw Data'!$J$2:$J$670,"THBKK")/COUNTIF('Raw Data'!$J$2:$J$670,"THBKK") -> 0.019138756 | C9: =COUNTIFS('Raw Data'!$Y$2:$Y$670,2,'Raw Data'!$J$2:$J$670,"THLCH")/COUNTIF('Raw Data'!$J$2:$J$670,"THLCH") -> 0.02826087 | D9: =COUNTIFS('Raw Data'!$Y$2:$Y$670,2,'Raw Data'!$J$2:$J$670,"THBKK") -> 4 | E9: =COUNTIFS('Raw Data'!$Y$2:$Y$670,2,'Raw Data'!$J$2:$J$670,"THLCH") -> 13
A10: 03:00 | B10: =COUNTIFS('Raw Data'!$Y$2:$Y$670,3,'Raw Data'!$J$2:$J$670,"THBKK")/COUNTIF('Raw Data'!$J$2:$J$670,"THBKK") -> 0.023923445 | C10: =COUNTIFS('Raw Data'!$Y$2:$Y$670,3,'Raw Data'!$J$2:$J$670,"THLCH")/COUNTIF('Raw Data'!$J$2:$J$670,"THLCH") -> 0.030434783 | D10: =COUNTIFS('Raw Data'!$Y$2:$Y$670,3,'Raw Data'!$J$2:$J$670,"THBKK") -> 5 | E10: =COUNTIFS('Raw Data'!$Y$2:$Y$670,3,'Raw Data'!$J$2:$J$670,"THLCH") -> 14
A11: 04:00 | B11: =COUNTIFS('Raw Data'!$Y$2:$Y$670,4,'Raw Data'!$J$2:$J$670,"THBKK")/COUNTIF('Raw Data'!$J$2:$J$670,"THBKK") -> 0.019138756 | C11: =COUNTIFS('Raw Data'!$Y$2:$Y$670,4,'Raw Data'!$J$2:$J$670,"THLCH")/COUNTIF('Raw Data'!$J$2:$J$670,"THLCH") -> 0.045652174 | D11: =COUNTIFS('Raw Data'!$Y$2:$Y$670,4,'Raw Data'!$J$2:$J$670,"THBKK") -> 4 | E11: =COUNTIFS('Raw Data'!$Y$2:$Y$670,4,'Raw Data'!$J$2:$J$670,"THLCH") -> 21
A12: 05:00 | B12: =COUNTIFS('Raw Data'!$Y$2:$Y$670,5,'Raw Data'!$J$2:$J$670,"THBKK")/COUNTIF('Raw Data'!$J$2:$J$670,"THBKK") -> 0.043062201 | C12: =COUNTIFS('Raw Data'!$Y$2:$Y$670,5,'Raw Data'!$J$2:$J$670,"THLCH")/COUNTIF('Raw Data'!$J$2:$J$670,"THLCH") -> 0.05 | D12: =COUNTIFS('Raw Data'!$Y$2:$Y$670,5,'Raw Data'!$J$2:$J$670,"THBKK") -> 9 | E12: =COUNTIFS('Raw Data'!$Y$2:$Y$670,5,'Raw Data'!$J$2:$J$670,"THLCH") -> 23
A13: 06:00 | B13: =COUNTIFS('Raw Data'!$Y$2:$Y$670,6,'Raw Data'!$J$2:$J$670,"THBKK")/COUNTIF('Raw Data'!$J$2:$J$670,"THBKK") -> 0.038277512 | C13: =COUNTIFS('Raw Data'!$Y$2:$Y$670,6,'Raw Data'!$J$2:$J$670,"THLCH")/COUNTIF('Raw Data'!$J$2:$J$670,"THLCH") -> 0.036956522 | D13: =COUNTIFS('Raw Data'!$Y$2:$Y$670,6,'Raw Data'!$J$2:$J$670,"THBKK") -> 8 | E13: =COUNTIFS('Raw Data'!$Y$2:$Y$670,6,'Raw Data'!$J$2:$J$670,"THLCH") -> 17
A14: 07:00 | B14: =COUNTIFS('Raw Data'!$Y$2:$Y$670,7,'Raw Data'!$J$2:$J$670,"THBKK")/COUNTIF('Raw Data'!$J$2:$J$670,"THBKK") -> 0.076555024 | C14: =COUNTIFS('Raw Data'!$Y$2:$Y$670,7,'Raw Data'!$J$2:$J$670,"THLCH")/COUNTIF('Raw Data'!$J$2:$J$670,"THLCH") -> 0.036956522 | D14: =COUNTIFS('Raw Data'!$Y$2:$Y$670,7,'Raw Data'!$J$2:$J$670,"THBKK") -> 16 | E14: =COUNTIFS('Raw Data'!$Y$2:$Y$670,7,'Raw Data'!$J$2:$J$670,"THLCH") -> 17
A15: 08:00 | B15: =COUNTIFS('Raw Data'!$Y$2:$Y$670,8,'Raw Data'!$J$2:$J$670,"THBKK")/COUNTIF('Raw Data'!$J$2:$J$670,"THBKK") -> 0.086124402 | C15: =COUNTIFS('Raw Data'!$Y$2:$Y$670,8,'Raw Data'!$J$2:$J$670,"THLCH")/COUNTIF('Raw Data'!$J$2:$J$670,"THLCH") -> 0.023913043 | D15: =COUNTIFS('Raw Data'!$Y$2:$Y$670,8,'Raw Data'!$J$2:$J$670,"THBKK") -> 18 | E15: =COUNTIFS('Raw Data'!$Y$2:$Y$670,8,'Raw Data'!$J$2:$J$670,"THLCH") -> 11
A16: 09:00 | B16: =COUNTIFS('Raw Data'!$Y$2:$Y$670,9,'Raw Data'!$J$2:$J$670,"THBKK")/COUNTIF('Raw Data'!$J$2:$J$670,"THBKK") -> 0.04784689 | C16: =COUNTIFS('Raw Data'!$Y$2:$Y$670,9,'Raw Data'!$J$2:$J$670,"THLCH")/COUNTIF('Raw Data'!$J$2:$J$670,"THLCH") -> 0.047826087 | D16: =COUNTIFS('Raw Data'!$Y$2:$Y$670,9,'Raw Data'!$J$2:$J$670,"THBKK") -> 10 | E16: =COUNTIFS('Raw Data'!$Y$2:$Y$670,9,'Raw Data'!$J$2:$J$670,"THLCH") -> 22
A17: 10:00 | B17: =COUNTIFS('Raw Data'!$Y$2:$Y$670,10,'Raw Data'!$J$2:$J$670,"THBKK")/COUNTIF('Raw Data'!$J$2:$J$670,"THBKK") -> 0.038277512 | C17: =COUNTIFS('Raw Data'!$Y$2:$Y$670,10,'Raw Data'!$J$2:$J$670,"THLCH")/COUNTIF('Raw Data'!$J$2:$J$670,"THLCH") -> 0.034782609 | D17: =COUNTIFS('Raw Data'!$Y$2:$Y$670,10,'Raw Data'!$J$2:$J$670,"THBKK") -> 8 | E17: =COUNTIFS('Raw Data'!$Y$2:$Y$670,10,'Raw Data'!$J$2:$J$670,"THLCH") -> 16
A18: 11:00 | B18: =COUNTIFS('Raw Data'!$Y$2:$Y$670,11,'Raw Data'!$J$2:$J$670,"THBKK")/COUNTIF('Raw Data'!$J$2:$J$670,"THBKK") -> 0.019138756 | C18: =COUNTIFS('Raw Data'!$Y$2:$Y$670,11,'Raw Data'!$J$2:$J$670,"THLCH")/COUNTIF('Raw Data'!$J$2:$J$670,"THLCH") -> 0.058695652 | D18: =COUNTIFS('Raw Data'!$Y$2:$Y$670,11,'Raw Data'!$J$2:$J$670,"THBKK") -> 4 | E18: =COUNTIFS('Raw Data'!$Y$2:$Y$670,11,'Raw Data'!$J$2:$J$670,"THLCH") -> 27
A19: 12:00 | B19: =COUNTIFS('Raw Data'!$Y$2:$Y$670,12,'Raw Data'!$J$2:$J$670,"THBKK")/COUNTIF('Raw Data'!$J$2:$J$670,"THBKK") -> 0.023923445 | C19: =COUNTIFS('Raw Data'!$Y$2:$Y$670,12,'Raw Data'!$J$2:$J$670,"THLCH")/COUNTIF('Raw Data'!$J$2:$J$670,"THLCH") -> 0.036956522 | D19: =COUNTIFS('Raw Data'!$Y$2:$Y$670,12,'Raw Data'!$J$2:$J$670,"THBKK") -> 5 | E19: =COUNTIFS('Raw Data'!$Y$2:$Y$670,12,'Raw Data'!$J$2:$J$670,"THLCH") -> 17
A20: 13:00 | B20: =COUNTIFS('Raw Data'!$Y$2:$Y$670,13,'Raw Data'!$J$2:$J$670,"THBKK")/COUNTIF('Raw Data'!$J$2:$J$670,"THBKK") -> 0.019138756 | C20: =COUNTIFS('Raw Data'!$Y$2:$Y$670,13,'Raw Data'!$J$2:$J$670,"THLCH")/COUNTIF('Raw Data'!$J$2:$J$670,"THLCH") -> 0.043478261 | D20: =COUNTIFS('Raw Data'!$Y$2:$Y$670,13,'Raw Data'!$J$2:$J$670,"THBKK") -> 4 | E20: =COUNTIFS('Raw Data'!$Y$2:$Y$670,13,'Raw Data'!$J$2:$J$670,"THLCH") -> 20
A21: 14:00 | B21: =COUNTIFS('Raw Data'!$Y$2:$Y$670,14,'Raw Data'!$J$2:$J$670,"THBKK")/COUNTIF('Raw Data'!$J$2:$J$670,"THBKK") -> 0.004784689 | C21: =COUNTIFS('Raw Data'!$Y$2:$Y$670,14,'Raw Data'!$J$2:$J$670,"THLCH")/COUNTIF('Raw Data'!$J$2:$J$670,"THLCH") -> 0.041304348 | D21: =COUNTIFS('Raw Data'!$Y$2:$Y$670,14,'Raw Data'!$J$2:$J$670,"THBKK") -> 1 | E21: =COUNTIFS('Raw Data'!$Y$2:$Y$670,14,'Raw Data'!$J$2:$J$670,"THLCH") -> 19
A22: 15:00 | B22: =COUNTIFS('Raw Data'!$Y$2:$Y$670,15,'Raw Data'!$J$2:$J$670,"THBKK")/COUNTIF('Raw Data'!$J$2:$J$670,"THBKK") -> 0.019138756 | C22: =COUNTIFS('Raw Data'!$Y$2:$Y$670,15,'Raw Data'!$J$2:$J$670,"THLCH")/COUNTIF('Raw Data'!$J$2:$J$670,"THLCH") -> 0.023913043 | D22: =COUNTIFS('Raw Data'!$Y$2:$Y$670,15,'Raw Data'!$J$2:$J$670,"THBKK") -> 4 | E22: =COUNTIFS('Raw Data'!$Y$2:$Y$670,15,'Raw Data'!$J$2:$J$670,"THLCH") -> 11
A23: 16:00 | B23: =COUNTIFS('Raw Data'!$Y$2:$Y$670,16,'Raw Data'!$J$2:$J$670,"THBKK")/COUNTIF('Raw Data'!$J$2:$J$670,"THBKK") -> 0.028708134 | C23: =COUNTIFS('Raw Data'!$Y$2:$Y$670,16,'Raw Data'!$J$2:$J$670,"THLCH")/COUNTIF('Raw Data'!$J$2:$J$670,"THLCH") -> 0.02826087 | D23: =COUNTIFS('Raw Data'!$Y$2:$Y$670,16,'Raw Data'!$J$2:$J$670,"THBKK") -> 6 | E23: =COUNTIFS('Raw Data'!$Y$2:$Y$670,16,'Raw Data'!$J$2:$J$670,"THLCH") -> 13
A24: 17:00 | B24: =COUNTIFS('Raw Data'!$Y$2:$Y$670,17,'Raw Data'!$J$2:$J$670,"THBKK")/COUNTIF('Raw Data'!$J$2:$J$670,"THBKK") -> 0.033492823 | C24: =COUNTIFS('Raw Data'!$Y$2:$Y$670,17,'Raw Data'!$J$2:$J$670,"THLCH")/COUNTIF('Raw Data'!$J$2:$J$670,"THLCH") -> 0.052173913 | D24: =COUNTIFS('Raw Data'!$Y$2:$Y$670,17,'Raw Data'!$J$2:$J$670,"THBKK") -> 7 | E24: =COUNTIFS('Raw Data'!$Y$2:$Y$670,17,'Raw Data'!$J$2:$J$670,"THLCH") -> 24
A25: 18:00 | B25: =COUNTIFS('Raw Data'!$Y$2:$Y$670,18,'Raw Data'!$J$2:$J$670,"THBKK")/COUNTIF('Raw Data'!$J$2:$J$670,"THBKK") -> 0.043062201 | C25: =COUNTIFS('Raw Data'!$Y$2:$Y$670,18,'Raw Data'!$J$2:$J$670,"THLCH")/COUNTIF('Raw Data'!$J$2:$J$670,"THLCH") -> 0.039130435 | D25: =COUNTIFS('Raw Data'!$Y$2:$Y$670,18,'Raw Data'!$J$2:$J$670,"THBKK") -> 9 | E25: =COUNTIFS('Raw Data'!$Y$2:$Y$670,18,'Raw Data'!$J$2:$J$670,"THLCH") -> 18
A26: 19:00 | B26: =COUNTIFS('Raw Data'!$Y$2:$Y$670,19,'Raw Data'!$J$2:$J$670,"THBKK")/COUNTIF('Raw Data'!$J$2:$J$670,"THBKK") -> 0.057416268 | C26: =COUNTIFS('Raw Data'!$Y$2:$Y$670,19,'Raw Data'!$J$2:$J$670,"THLCH")/COUNTIF('Raw Data'!$J$2:$J$670,"THLCH") -> 0.043478261 | D26: =COUNTIFS('Raw Data'!$Y$2:$Y$670,19,'Raw Data'!$J$2:$J$670,"THBKK") -> 12 | E26: =COUNTIFS('Raw Data'!$Y$2:$Y$670,19,'Raw Data'!$J$2:$J$670,"THLCH") -> 20
A27: 20:00 | B27: =COUNTIFS('Raw Data'!$Y$2:$Y$670,20,'Raw Data'!$J$2:$J$670,"THBKK")/COUNTIF('Raw Data'!$J$2:$J$670,"THBKK") -> 0.071770335 | C27: =COUNTIFS('Raw Data'!$Y$2:$Y$670,20,'Raw Data'!$J$2:$J$670,"THLCH")/COUNTIF('Raw Data'!$J$2:$J$670,"THLCH") -> 0.054347826 | D27: =COUNTIFS('Raw Data'!$Y$2:$Y$670,20,'Raw Data'!$J$2:$J$670,"THBKK") -> 15 | E27: =COUNTIFS('Raw Data'!$Y$2:$Y$670,20,'Raw Data'!$J$2:$J$670,"THLCH") -> 25
A28: 21:00 | B28: =COUNTIFS('Raw Data'!$Y$2:$Y$670,21,'Raw Data'!$J$2:$J$670,"THBKK")/COUNTIF('Raw Data'!$J$2:$J$670,"THBKK") -> 0.10047847 | C28: =COUNTIFS('Raw Data'!$Y$2:$Y$670,21,'Raw Data'!$J$2:$J$670,"THLCH")/COUNTIF('Raw Data'!$J$2:$J$670,"THLCH") -> 0.045652174 | D28: =COUNTIFS('Raw Data'!$Y$2:$Y$670,21,'Raw Data'!$J$2:$J$670,"THBKK") -> 21 | E28: =COUNTIFS('Raw Data'!$Y$2:$Y$670,21,'Raw Data'!$J$2:$J$670,"THLCH") -> 21
A29: 22:00 | B29: =COUNTIFS('Raw Data'!$Y$2:$Y$670,22,'Raw Data'!$J$2:$J$670,"THBKK")/COUNTIF('Raw Data'!$J$2:$J$670,"THBKK") -> 0.076555024 | C29: =COUNTIFS('Raw Data'!$Y$2:$Y$670,22,'Raw Data'!$J$2:$J$670,"THLCH")/COUNTIF('Raw Data'!$J$2:$J$670,"THLCH") -> 0.05 | D29: =COUNTIFS('Raw Data'!$Y$2:$Y$670,22,'Raw Data'!$J$2:$J$670,"THBKK") -> 16 | E29: =COUNTIFS('Raw Data'!$Y$2:$Y$670,22,'Raw Data'!$J$2:$J$670,"THLCH") -> 23
A30: 23:00 | B30: =COUNTIFS('Raw Data'!$Y$2:$Y$670,23,'Raw Data'!$J$2:$J$670,"THBKK")/COUNTIF('Raw Data'!$J$2:$J$670,"THBKK") -> 0.057416268 | C30: =COUNTIFS('Raw Data'!$Y$2:$Y$670,23,'Raw Data'!$J$2:$J$670,"THLCH")/COUNTIF('Raw Data'!$J$2:$J$670,"THLCH") -> 0.05 | D30: =COUNTIFS('Raw Data'!$Y$2:$Y$670,23,'Raw Data'!$J$2:$J$670,"THBKK") -> 12 | E30: =COUNTIFS('Raw Data'!$Y$2:$Y$670,23,'Raw Data'!$J$2:$J$670,"THLCH") -> 23
A32: THBKK berthings cluster into two ~4-hour windows roughly 12–13 hours apart (a semi-diurnal tide signature); THLCH berthings are spread evenly across the day. Practical implication: berth-productivity fixes (e.g. reallocating BKK01 traffic) will help less than tide-aware ETA planning — scheduling vessel arrival closer to the next tide window instead of arriving early and idling reduces reported waiting time directly.
A35: 2. Total Port Time Breakdown — Wait vs. Berth Occupancy
A36: Terminal | B36: Calls (Count) | C36: Avg Wait (Hrs) | D36: Avg Berth Occupancy (Hrs) | E36: Avg Total Port Stay (Hrs) | F36: Wait Share of Port Stay (%)
A37: THBKK | B37: =COUNTIF('Raw Data'!$J$2:$J$670,$A37) -> 209 | C37: =AVERAGEIF('Raw Data'!$J$2:$J$670,$A37,'Raw Data'!$S$2:$S$670) -> 11.209411 | D37: =AVERAGEIF('Raw Data'!$J$2:$J$670,$A37,'Raw Data'!$V$2:$V$670) -> 29.725601 | E37: =AVERAGEIF('Raw Data'!$J$2:$J$670,$A37,'Raw Data'!$W$2:$W$670) -> 40.935004 | F37: =C37/E37 -> 0.27383438
A38: THLCH | B38: =COUNTIF('Raw Data'!$J$2:$J$670,$A38) -> 460 | C38: =AVERAGEIF('Raw Data'!$J$2:$J$670,$A38,'Raw Data'!$S$2:$S$670) -> 3.9727189 | D38: =AVERAGEIF('Raw Data'!$J$2:$J$670,$A38,'Raw Data'!$V$2:$V$670) -> 10.451016 | E38: =AVERAGEIF('Raw Data'!$J$2:$J$670,$A38,'Raw Data'!$W$2:$W$670) -> 14.42373 | F38: =C38/E38 -> 0.27542938
A39: Port Stay = ETD − ETA (full turnaround). Occupancy = ETD − ETB (time actually at berth working cargo).
A42: 3. Waiting Time by Sailing Direction (Bound)
A43: Bound | B43: Meaning | C43: Calls (Count) | D43: Avg Wait (Hrs) | E43: Median Wait (Hrs)
A44: N | B44: Northbound | C44: =COUNTIF('Raw Data'!$G$2:$G$670,$A44) -> 436 | D44: =AVERAGEIF('Raw Data'!$G$2:$G$670,$A44,'Raw Data'!$S$2:$S$670) -> 8.1735867 | E44: {=MEDIAN(IF('Raw Data'!$G$2:$G$670=$A44,'Raw Data'!$S$2:$S$670))} -> 4
A45: S | B45: Southbound | C45: =COUNTIF('Raw Data'!$G$2:$G$670,$A45) -> 232 | D45: =AVERAGEIF('Raw Data'!$G$2:$G$670,$A45,'Raw Data'!$S$2:$S$670) -> 2.5066116 | E45: {=MEDIAN(IF('Raw Data'!$G$2:$G$670=$A45,'Raw Data'!$S$2:$S$670))} -> 1
A48: 4. Waiting Time by Day of Week (ETA)
A49: Day | B49: THBKK Avg Wait (Hrs) | C49: THLCH Avg Wait (Hrs) | D49: THBKK Calls | E49: THLCH Calls
A50: Monday | B50: =IFERROR(AVERAGEIFS('Raw Data'!$S$2:$S$670,'Raw Data'!$X$2:$X$670,$A50,'Raw Data'!$J$2:$J$670,"THBKK"),0) -> 13.665658 | C50: =IFERROR(AVERAGEIFS('Raw Data'!$S$2:$S$670,'Raw Data'!$X$2:$X$670,$A50,'Raw Data'!$J$2:$J$670,"THLCH"),0) -> 3.7616182 | D50: =COUNTIFS('Raw Data'!$X$2:$X$670,$A50,'Raw Data'!$J$2:$J$670,"THBKK") -> 33 | E50: =COUNTIFS('Raw Data'!$X$2:$X$670,$A50,'Raw Data'!$J$2:$J$670,"THLCH") -> 66
A51: Tuesday | B51: =IFERROR(AVERAGEIFS('Raw Data'!$S$2:$S$670,'Raw Data'!$X$2:$X$670,$A51,'Raw Data'!$J$2:$J$670,"THBKK"),0) -> 12.991903 | C51: =IFERROR(AVERAGEIFS('Raw Data'!$S$2:$S$670,'Raw Data'!$X$2:$X$670,$A51,'Raw Data'!$J$2:$J$670,"THLCH"),0) -> 3.6290323 | D51: =COUNTIFS('Raw Data'!$X$2:$X$670,$A51,'Raw Data'!$J$2:$J$670,"THBKK") -> 35 | E51: =COUNTIFS('Raw Data'!$X$2:$X$670,$A51,'Raw Data'!$J$2:$J$670,"THLCH") -> 62
A52: Wednesday | B52: =IFERROR(AVERAGEIFS('Raw Data'!$S$2:$S$670,'Raw Data'!$X$2:$X$670,$A52,'Raw Data'!$J$2:$J$670,"THBKK"),0) -> 9.7050033 | C52: =IFERROR(AVERAGEIFS('Raw Data'!$S$2:$S$670,'Raw Data'!$X$2:$X$670,$A52,'Raw Data'!$J$2:$J$670,"THLCH"),0) -> 4.4345549 | D52: =COUNTIFS('Raw Data'!$X$2:$X$670,$A52,'Raw Data'!$J$2:$J$670,"THBKK") -> 30 | E52: =COUNTIFS('Raw Data'!$X$2:$X$670,$A52,'Raw Data'!$J$2:$J$670,"THLCH") -> 82
A53: Thursday | B53: =IFERROR(AVERAGEIFS('Raw Data'!$S$2:$S$670,'Raw Data'!$X$2:$X$670,$A53,'Raw Data'!$J$2:$J$670,"THBKK"),0) -> 10.481726 | C53: =IFERROR(AVERAGEIFS('Raw Data'!$S$2:$S$670,'Raw Data'!$X$2:$X$670,$A53,'Raw Data'!$J$2:$J$670,"THLCH"),0) -> 4.0988933 | D53: =COUNTIFS('Raw Data'!$X$2:$X$670,$A53,'Raw Data'!$J$2:$J$670,"THBKK") -> 31 | E53: =COUNTIFS('Raw Data'!$X$2:$X$670,$A53,'Raw Data'!$J$2:$J$670,"THLCH") -> 60
A54: Friday | B54: =IFERROR(AVERAGEIFS('Raw Data'!$S$2:$S$670,'Raw Data'!$X$2:$X$670,$A54,'Raw Data'!$J$2:$J$670,"THBKK"),0) -> 10.611114 | C54: =IFERROR(AVERAGEIFS('Raw Data'!$S$2:$S$670,'Raw Data'!$X$2:$X$670,$A54,'Raw Data'!$J$2:$J$670,"THLCH"),0) -> 4.6728586 | D54: =COUNTIFS('Raw Data'!$X$2:$X$670,$A54,'Raw Data'!$J$2:$J$670,"THBKK") -> 21 | E54: =COUNTIFS('Raw Data'!$X$2:$X$670,$A54,'Raw Data'!$J$2:$J$670,"THLCH") -> 70
A55: Saturday | B55: =IFERROR(AVERAGEIFS('Raw Data'!$S$2:$S$670,'Raw Data'!$X$2:$X$670,$A55,'Raw Data'!$J$2:$J$670,"THBKK"),0) -> 9.8132207 | C55: =IFERROR(AVERAGEIFS('Raw Data'!$S$2:$S$670,'Raw Data'!$X$2:$X$670,$A55,'Raw Data'!$J$2:$J$670,"THLCH"),0) -> 3.8254717 | D55: =COUNTIFS('Raw Data'!$X$2:$X$670,$A55,'Raw Data'!$J$2:$J$670,"THBKK") -> 29 | E55: =COUNTIFS('Raw Data'!$X$2:$X$670,$A55,'Raw Data'!$J$2:$J$670,"THLCH") -> 53
A56: Sunday | B56: =IFERROR(AVERAGEIFS('Raw Data'!$S$2:$S$670,'Raw Data'!$X$2:$X$670,$A56,'Raw Data'!$J$2:$J$670,"THBKK"),0) -> 10.452777 | C56: =IFERROR(AVERAGEIFS('Raw Data'!$S$2:$S$670,'Raw Data'!$X$2:$X$670,$A56,'Raw Data'!$J$2:$J$670,"THLCH"),0) -> 3.2054731 | D56: =COUNTIFS('Raw Data'!$X$2:$X$670,$A56,'Raw Data'!$J$2:$J$670,"THBKK") -> 30 | E56: =COUNTIFS('Raw Data'!$X$2:$X$670,$A56,'Raw Data'!$J$2:$J$670,"THLCH") -> 67
A59: 5. Service-Level Threshold Compliance
A60: Terminal | B60: Calls (Count) | C60: % Waiting > 4 Hrs | D60: % Waiting > 8 Hrs | E60: % Waiting > 24 Hrs
A61: THBKK | B61: =COUNTIF('Raw Data'!$J$2:$J$670,$A61) -> 209 | C61: =COUNTIFS('Raw Data'!$J$2:$J$670,$A61,'Raw Data'!$S$2:$S$670,">"&4)/B61 -> 0.62679426 | D61: =COUNTIFS('Raw Data'!$J$2:$J$670,$A61,'Raw Data'!$S$2:$S$670,">"&8)/B61 -> 0.50239234 | E61: =COUNTIFS('Raw Data'!$J$2:$J$670,$A61,'Raw Data'!$S$2:$S$670,">"&24)/B61 -> 0.10526316
A62: THLCH | B62: =COUNTIF('Raw Data'!$J$2:$J$670,$A62) -> 460 | C62: =COUNTIFS('Raw Data'!$J$2:$J$670,$A62,'Raw Data'!$S$2:$S$670,">"&4)/B62 -> 0.24782609 | D62: =COUNTIFS('Raw Data'!$J$2:$J$670,$A62,'Raw Data'!$S$2:$S$670,">"&8)/B62 -> 0.14130435 | E62: =COUNTIFS('Raw Data'!$J$2:$J$670,$A62,'Raw Data'!$S$2:$S$670,">"&24)/B62 -> 0.026086957
A65: 6. Data Quality Note — "Skip" Flagged Calls
A66: Skip Flag | B66: Calls (Count) | C66: Avg Wait (Hrs)
A67: N | B67: =COUNTIF('Raw Data'!$L$2:$L$670,$A67) -> 627 | C67: =AVERAGEIF('Raw Data'!$L$2:$L$670,$A67,'Raw Data'!$S$2:$S$670) -> 6.6499463
A68: Y | B68: =COUNTIF('Raw Data'!$L$2:$L$670,$A68) -> 42 | C68: =AVERAGEIF('Raw Data'!$L$2:$L$670,$A68,'Raw Data'!$S$2:$S$670) -> 0.0167
A69: 42 calls are flagged Skip = "Y" and show near-zero waiting time (~0.02 hrs avg) — these likely represent calls where the vessel did not actually berth. Consider excluding Skip="Y" rows for a pure berth-queueing KPI.

Sheet Raw Data
A1: Service | B1: Vessel | C1: Vessel Name | D1: Op.Liner | E1: Seq | F1: Vyg | G1: Bound | H1: Vyg Bound | I1: Wharf | J1: Terminal (POL) | K1: POD | L1: Skip | M1: No D | N1: No L | O1: USED | P1: ETA Date | Q1: ETB Date | R1: ETD Date | S1: Wait (Hrs) | T1: Month | U1: Wait Rank | V1: Berth Occupancy (Hrs) | W1: Port Stay (Hrs) | X1: Day of Week | Y1: ETB Hour
A2: KST | B2: SWPC | C2: SAWASDEE PACIFIC | D2: SKR | E2: 06 | F2: 2522 | G2: N | H2: 2522N | I2: LCH05 | J2: THLCH | K2: VNSGN | L2: N | M2: N | N2: N | P2: 46023.25 | Q2: 46023.292 | R2: 46023.496 | S2: =ROUND((Q2-P2)*24,4) -> 1 | T2: =TEXT(P2,"YYYY-MM") -> 2026-01 | U2: =RANK(S2,$S$2:$S$670)+COUNTIF($S$2:S2,S2)-1 -> 368 | V2: =ROUND((R2-Q2)*24,4) -> 4.9 | W2: =ROUND((R2-P2)*24,4) -> 5.9 | X2: =TEXT(P2,"dddd") -> Thursday | Y2: =HOUR(Q2) -> 7
A3: KTS1 | B3: KMGY | C3: KMTC GWANGYANG | D3: KMT | E3: 05 | F3: 2513 | G3: S | H3: 2513S | I3: LCH04 | J3: THLCH | K3: THBKK | L3: N | M3: N | N3: N | P3: 46023.583 | Q3: 46023.625 | R3: 46024.042 | S3: =ROUND((Q3-P3)*24,4) -> 1 | T3: =TEXT(P3,"YYYY-MM") -> 2026-01 | U3: =RANK(S3,$S$2:$S$670)+COUNTIF($S$2:S3,S3)-1 -> 369 | V3: =ROUND((R3-Q3)*24,4) -> 10 | W3: =ROUND((R3-P3)*24,4) -> 11 | X3: =TEXT(P3,"dddd") -> Thursday | Y3: =HOUR(Q3) -> 15
A4: KTS1 | B4: KMGY | C4: KMTC GWANGYANG | D4: KMT | E4: 06 | F4: 2513 | G4: N | H4: 2513N | I4: BKK01 | J4: THBKK | K4: THLCH | L4: N | M4: N | N4: N | P4: 46024.125 | Q4: 46025.375 | R4: 46026.5 | S4: =ROUND((Q4-P4)*24,4) -> 30 | T4: =TEXT(P4,"YYYY-MM") -> 2026-01 | U4: =RANK(S4,$S$2:$S$670)+COUNTIF($S$2:S4,S4)-1 -> 20 | V4: =ROUND((R4-Q4)*24,4) -> 27 | W4: =ROUND((R4-P4)*24,4) -> 57 | X4: =TEXT(P4,"dddd") -> Friday | Y4: =HOUR(Q4) -> 9
A5: KHS1 | B5: KPN | C5: KMTC PUSAN | D5: KMT | E5: 06 | F5: 2514 | G5: S | H5: 2514S | I5: LCH01 | J5: THLCH | K5: THBKK | L5: N | M5: N | N5: N | P5: 46024.667 | Q5: 46024.708 | R5: 46024.996 | S5: =ROUND((Q5-P5)*24,4) -> 1 | T5: =TEXT(P5,"YYYY-MM") -> 2026-01 | U5: =RANK(S5,$S$2:$S$670)+COUNTIF($S$2:S5,S5)-1 -> 370 | V5: =ROUND((R5-Q5)*24,4) -> 6.9 | W5: =ROUND((R5-P5)*24,4) -> 7.9 | X5: =TEXT(P5,"dddd") -> Friday | Y5: =HOUR(Q5) -> 17
A6: NTX | B6: PGPO | C6: PEGASUS PROTO | D6: NAM | E6: 06 | F6: 2514 | G6: S | H6: 2514S | I6: LCH04 | J6: THLCH | K6: THBKK | L6: N | M6: N | N6: N | P6: 46024.958 | Q6: 46025 | R6: 46025.25 | S6: =ROUND((Q6-P6)*24,4) -> 1 | T6: =TEXT(P6,"YYYY-MM") -> 2026-01 | U6: =RANK(S6,$S$2:$S$670)+COUNTIF($S$2:S6,S6)-1 -> 371 | V6: =ROUND((R6-Q6)*24,4) -> 6 | W6: =ROUND((R6-P6)*24,4) -> 7 | X6: =TEXT(P6,"dddd") -> Friday | Y6: =HOUR(Q6) -> 0
A7: KHS1 | B7: KPN | C7: KMTC PUSAN | D7: KMT | E7: 07 | F7: 2514 | G7: N | H7: 2514N | I7: BKK01 | J7: THBKK | K7: THLCH | L7: N | M7: N | N7: N | P7: 46025.083 | Q7: 46027.5 | R7: 46029.208 | S7: =ROUND((Q7-P7)*24,4) -> 58 | T7: =TEXT(P7,"YYYY-MM") -> 2026-01 | U7: =RANK(S7,$S$2:$S$670)+COUNTIF($S$2:S7,S7)-1 -> 2 | V7: =ROUND((R7-Q7)*24,4) -> 41 | W7: =ROUND((R7-P7)*24,4) -> 99 | X7: =TEXT(P7,"dddd") -> Saturday | Y7: =HOUR(Q7) -> 12
A8: NTX | B8: PGPO | C8: PEGASUS PROTO | D8: NAM | E8: 07 | F8: 2514 | G8: N | H8: 2514N | I8: BKK02 | J8: THBKK | K8: THLCH | L8: N | M8: N | N8: N | P8: 46025.333 | Q8: 46025.417 | R8: 46026.229 | S8: =ROUND((Q8-P8)*24,4) -> 2 | T8: =TEXT(P8,"YYYY-MM") -> 2026-01 | U8: =RANK(S8,$S$2:$S$670)+COUNTIF($S$2:S8,S8)-1 -> 316 | V8: =ROUND((R8-Q8)*24,4) -> 19.5 | W8: =ROUND((R8-P8)*24,4) -> 21.5 | X8: =TEXT(P8,"dddd") -> Saturday | Y8: =HOUR(Q8) -> 10
A9: ANX | B9: NSSJ | C9: STARSHIP JUPITER | D9: NAM | E9: 06 | F9: 2510 | G9: S | H9: 2510S | I9: LCH04 | J9: THLCH | K9: IDJKT | L9: N | M9: N | N9: N | P9: 46025.333 | Q9: 46025.375 | R9: 46026 | S9: =ROUND((Q9-P9)*24,4) -> 1 | T9: =TEXT(P9,"YYYY-MM") -> 2026-01 | U9: =RANK(S9,$S$2:$S$670)+COUNTIF($S$2:S9,S9)-1 -> 372 | V9: =ROUND((R9-Q9)*24,4) -> 15 | W9: =ROUND((R9-P9)*24,4) -> 16 | X9: =TEXT(P9,"dddd") -> Saturday | Y9: =HOUR(Q9) -> 9
A10: VTS | B10: SKOR | C10: SKY ORION | D10: CKL | E10: 05 | F10: 2515 | G10: S | H10: 2515S | I10: LCH04 | J10: THLCH | K10: THBKK | L10: N | M10: N | N10: N | P10: 46026.292 | Q10: 46026.333 | R10: 46026.667 | S10: =ROUND((Q10-P10)*24,4) -> 1 | T10: =TEXT(P10,"YYYY-MM") -> 2026-01 | U10: =RANK(S10,$S$2:$S$670)+COUNTIF($S$2:S10,S10)-1 -> 373 | V10: =ROUND((R10-Q10)*24,4) -> 8 | W10: =ROUND((R10-P10)*24,4) -> 9 | X10: =TEXT(P10,"dddd") -> Sunday | Y10: =HOUR(Q10) -> 8
A11: NTX | B11: PGPO | C11: PEGASUS PROTO | D11: NAM | E11: 08 | F11: 2514 | G11: N | H11: 2514N | I11: LCH04 | J11: THLCH | K11: VNSGN | L11: N | M11: N | N11: N | P11: 46026.375 | Q11: 46026.417 | R11: 46026.75 | S11: =ROUND((Q11-P11)*24,4) -> 1 | T11: =TEXT(P11,"YYYY-MM") -> 2026-01 | U11: =RANK(S11,$S$2:$S$670)+COUNTIF($S$2:S11,S11)-1 -> 374 | V11: =ROUND((R11-Q11)*24,4) -> 8 | W11: =ROUND((R11-P11)*24,4) -> 9 | X11: =TEXT(P11,"dddd") -> Sunday | Y11: =HOUR(Q11) -> 10
A12: KTS1 | B12: KMGY | C12: KMTC GWANGYANG | D12: KMT | E12: 07 | F12: 2513 | G12: N | H12: 2513N | I12: LCH04 | J12: THLCH | K12: HKHKG | L12: N | M12: N | N12: N | P12: 46026.683 | Q12: 46026.708 | R12: 46027.021 | S12: =ROUND((Q12-P12)*24,4) -> 0.6 | T12: =TEXT(P12,"YYYY-MM") -> 2026-01 | U12: =RANK(S12,$S$2:$S$670)+COUNTIF($S$2:S12,S12)-1 -> 596 | V12: =ROUND((R12-Q12)*24,4) -> 7.5 | W12: =ROUND((R12-P12)*24,4) -> 8.1 | X12: =TEXT(P12,"dddd") -> Sunday | Y12: =HOUR(Q12) -> 17
A13: VTS | B13: SKOR | C13: SKY ORION | D13: CKL | E13: 06 | F13: 2515 | G13: N | H13: 2515N | I13: BKK01 | J13: THBKK | K13: THLCH | L13: N | M13: N | N13: N | P13: 46026.771 | Q13: 46027.75 | R13: 46028.625 | S13: =ROUND((Q13-P13)*24,4) -> 23.5 | T13: =TEXT(P13,"YYYY-MM") -> 2026-01 | U13: =RANK(S13,$S$2:$S$670)+COUNTIF($S$2:S13,S13)-1 -> 36 | V13: =ROUND((R13-Q13)*24,4) -> 21 | W13: =ROUND((R13-P13)*24,4) -> 44.5 | X13: =TEXT(P13,"dddd") -> Sunday | Y13: =HOUR(Q13) -> 18
... A28: KTS1 | B28: SWMM | C28: SAWASDEE MIMOSA | D28: SKR | E28: 06 | F28: 2537 | G28: N | H28: 2537N | I28: BKK01 | J28: THBKK | K28: THLCH | L28: N | M28: N | N28: N | P28: 46032.708 | Q28: 46033.5 | R28: 46035.208 | S28: =ROUND((Q28-P28)*24,4) -> 19 | T28: =TEXT(P28,"YYYY-MM") -> 2026-01 | U28: =RANK(S28,$S$2:$S$670)+COUNTIF($S$2:S28,S28)-1 -> 53 | V28: =ROUND((R28-Q28)*24,4) -> 41 | W28: =ROUND((R28-P28)*24,4) -> 60 | X28: =TEXT(P28,"dddd") -> Saturday | Y28: =HOUR(Q28) -> 12
A29: KST | B29: SKSH | C29: SKY SUNSHINE | D29: CKL | E29: 04 | F29: 2517 | G29: S | H29: 2517S | I29: LCH05 | J29: THLCH | K29: THBKK | L29: Y | M29: N | N29: N | O29: BUY(CKL) | P29: 46033.647 | Q29: 46033.647 | R29: 46033.648 | S29: =ROUND((Q29-P29)*24,4) -> 0.0167 | T29: =TEXT(P29,"YYYY-MM") -> 2026-01 | U29: =RANK(S29,$S$2:$S$670)+COUNTIF($S$2:S29,S29)-1 -> 624 | V29: =ROUND((R29-Q29)*24,4) -> 0.0167 | W29: =ROUND((R29-P29)*24,4) -> 0.0333 | X29: =TEXT(P29,"dddd") -> Sunday | Y29: =HOUR(Q29) -> 15
A30: KST | B30: SKSH | C30: SKY SUNSHINE | D30: CKL | E30: 05 | F30: 2517 | G30: N | H30: 2517N | I30: BKK02 | J30: THBKK | K30: THLCH | L30: Y | M30: N | N30: N | O30: BUY(CKL) | P30: 46033.649 | Q30: 46033.649 | R30: 46033.65 | S30: =ROUND((Q30-P30)*24,4) -> 0.0167 | T30: =TEXT(P30,"YYYY-MM") -> 2026-01 | U30: =RANK(S30,$S$2:$S$670)+COUNTIF($S$2:S30,S30)-1 -> 625 | V30: =ROUND((R30-Q30)*24,4) -> 0.0167 | W30: =ROUND((R30-P30)*24,4) -> 0.0333 | X30: =TEXT(P30,"dddd") -> Sunday | Y30: =HOUR(Q30) -> 15
A31: BTS | B31: SWAT | C31: SAWASDEE ATLANTIC | D31: SKR | E31: 06 | F31: 2526 | G31: S | H31: 2526S | I31: LCH01 | J31: THLCH | K31: THBKK | L31: N | M31: N | N31: N | P31: 46033.771 | Q31: 46033.812 | R31: 46034.292 | S31: =ROUND((Q31-P31)*24,4) -> 1 | T31: =TEXT(P31,"YYYY-MM") -> 2026-01 | U31: =RANK(S31,$S$2:$S$670)+COUNTIF($S$2:S31,S31)-1 -> 380 | V31: =ROUND((R31-Q31)*24,4) -> 11.5 | W31: =ROUND((R31-P31)*24,4) -> 12.5 | X31: =TEXT(P31,"dddd") -> Sunday | Y31: =HOUR(Q31) -> 19
A32: ANX | B32: KMSU | C32: KMTC SURABAYA | D32: KMT | E32: 06 | F32: 2510 | G32: S | H32: 2510S | I32: LCH04 | J32: THLCH | K32: IDJKT | L32: N | M32: N | N32: N | P32: 46033.983 | Q32: 46034.042 | R32: 46034.792 | S32: =ROUND((Q32-P32)*24,4) -> 1.4 | T32: =TEXT(P32,"YYYY-MM") -> 2026-01 | U32: =RANK(S32,$S$2:$S$670)+COUNTIF($S$2:S32,S32)-1 -> 362 | V32: =ROUND((R32-Q32)*24,4) -> 18 | W32: =ROUND((R32-P32)*24,4) -> 19.4 | X32: =TEXT(P32,"dddd") -> Sunday | Y32: =HOUR(Q32) -> 1
A33: PCI2 | B33: LCVY | C33: LAEM CHABANG VOYAGER | D33: HAS | E33: 07 | F33: 2512 | G33: N | H33: 2512N | I33: LCH02 | J33: THLCH | K33: CNSHA | L33: N | M33: N | N33: N | P33: 46034.021 | Q33: 46034.067 | R33: 46035.021 | S33: =ROUND((Q33-P33)*24,4) -> 1.1 | T33: =TEXT(P33,"YYYY-MM") -> 2026-01 | U33: =RANK(S33,$S$2:$S$670)+COUNTIF($S$2:S33,S33)-1 -> 366 | V33: =ROUND((R33-Q33)*24,4) -> 22.9 | W33: =ROUND((R33-P33)*24,4) -> 24 | X33: =TEXT(P33,"dddd") -> Monday | Y33: =HOUR(Q33) -> 1
A34: CHT | B34: SWRG | C34: SAWASDEE RIGEL | D34: SKR | E34: 06 | F34: 2514 | G34: N | H34: 2514N | I34: LCH01 | J34: THLCH | K34: HKHKG | L34: N | M34: Y | N34: N | P34: 46034.25 | Q34: 46034.458 | R34: 46035.125 | S34: =ROUND((Q34-P34)*24,4) -> 5 | T34: =TEXT(P34,"YYYY-MM") -> 2026-01 | U34: =RANK(S34,$S$2:$S$670)+COUNTIF($S$2:S34,S34)-1 -> 223 | V34: =ROUND((R34-Q34)*24,4) -> 16 | W34: =ROUND((R34-P34)*24,4) -> 21 | X34: =TEXT(P34,"dddd") -> Monday | Y34: =HOUR(Q34) -> 11
A35: BTS | B35: SWAT | C35: SAWASDEE ATLANTIC | D35: SKR | E35: 07 | F35: 2526 | G35: N | H35: 2526N | I35: BKK04 | J35: THBKK | K35: THLCH | L35: N | M35: N | N35: N | P35: 46034.375 | Q35: 46035.375 | R35: 46037.208 | S35: =ROUND((Q35-P35)*24,4) -> 24 | T35: =TEXT(P35,"YYYY-MM") -> 2026-01 | U35: =RANK(S35,$S$2:$S$670)+COUNTIF($S$2:S35,S35)-1 -> 35 | V35: =ROUND((R35-Q35)*24,4) -> 44 | W35: =ROUND((R35-P35)*24,4) -> 68 | X35: =TEXT(P35,"dddd") -> Monday | Y35: =HOUR(Q35) -> 9
A36: KTS1 | B36: SWMM | C36: SAWASDEE MIMOSA | D36: SKR | E36: 07 | F36: 2537 | G36: N | H36: 2537N | I36: LCH04 | J36: THLCH | K36: HKHKG | L36: N | M36: N | N36: N | P36: 46035.417 | Q36: 46035.458 | R36: 46035.875 | S36: =ROUND((Q36-P36)*24,4) -> 1 | T36: =TEXT(P36,"YYYY-MM") -> 2026-01 | U36: =RANK(S36,$S$2:$S$670)+COUNTIF($S$2:S36,S36)-1 -> 381 | V36: =ROUND((R36-Q36)*24,4) -> 10 | W36: =ROUND((R36-P36)*24,4) -> 11 | X36: =TEXT(P36,"dddd") -> Tuesday | Y36: =HOUR(Q36) -> 11
A37: KST | B37: SPHO | C37: POS HOCHIMINH | D37: PAN | E37: 04 | F37: 1058 | G37: S | H37: 1058S | I37: LCH05 | J37: THLCH | K37: THBKK | L37: Y | M37: N | N37: N | O37: BUY(PAN) | P37: 46036.667 | Q37: 46036.668 | R37: 46036.669 | S37: =ROUND((Q37-P37)*24,4) -> 0.0167 | T37: =TEXT(P37,"YYYY-MM") -> 2026-01 | U37: =RANK(S37,$S$2:$S$670)+COUNTIF($S$2:S37,S37)-1 -> 626 | V37: =ROUND((R37-Q37)*24,4) -> 0.0167 | W37: =ROUND((R37-P37)*24,4) -> 0.0333 | X37: =TEXT(P37,"dddd") -> Wednesday | Y37: =HOUR(Q37) -> 16
A38: KST | B38: SPHO | C38: POS HOCHIMINH | D38: PAN | E38: 05 | F38: 1058 | G38: N | H38: 1058N | I38: BKK02 | J38: THBKK | K38: THLCH | L38: Y | M38: N | N38: N | O38: BUY(PAN) | P38: 46036.669 | Q38: 46036.67 | R38: 46036.671 | S38: =ROUND((Q38-P38)*24,4) -> 0.0167 | T38: =TEXT(P38,"YYYY-MM") -> 2026-01 | U38: =RANK(S38,$S$2:$S$670)+COUNTIF($S$2:S38,S38)-1 -> 627 | V38: =ROUND((R38-Q38)*24,4) -> 0.0167 | W38: =ROUND((R38-P38)*24,4) -> 0.0333 | X38: =TEXT(P38,"dddd") -> Wednesday | Y38: =HOUR(Q38) -> 16
A39: BTS | B39: SWAT | C39: SAWASDEE ATLANTIC | D39: SKR | E39: 08 | F39: 2526 | G39: N | H39: 2526N | I39: LCH01 | J39: THLCH | K39: VNSGN | L39: N | M39: N | N39: N | P39: 46037.417 | Q39: 46037.542 | R39: 46038 | S39: =ROUND((Q39-P39)*24,4) -> 3 | T39: =TEXT(P39,"YYYY-MM") -> 2026-01 | U39: =RANK(S39,$S$2:$S$670)+COUNTIF($S$2:S39,S39)-1 -> 272 | V39: =ROUND((R39-Q39)*24,4) -> 11 | W39: =ROUND((R39-P39)*24,4) -> 14 | X39: =TEXT(P39,"dddd") -> Thursday | Y39: =HOUR(Q39) -> 13
A40: KST | B40: SPHO | C40: POS HOCHIMINH | D40: PAN | E40: 06 | F40: 1058 | G40: N | H40: 1058N | I40: LCH05 | J40: THLCH | K40: VNSGN | L40: N | M40: N | N40: N | O40: BUY(PAN) | P40: 46038.375 | Q40: 46038.417 | R40: 46039.292 | S40: =ROUND((Q40-P40)*24,4) -> 1 | T40: =TEXT(P40,"YYYY-MM") -> 2026-01 | U40: =RANK(S40,$S$2:$S$670)+COUNTIF($S$2:S40,S40)-1 -> 382 | V40: =ROUND((R40-Q40)*24,4) -> 21 | W40: =ROUND((R40-P40)*24,4) -> 22 | X40: =TEXT(P40,"dddd") -> Friday | Y40: =HOUR(Q40) -> 10
A41: VTS | B41: KJT | C41: KMTC JAKARTA | D41: KMT | E41: 05 | F41: 2515 | G41: S | H41: 2515S | I41: LCH04 | J41: THLCH | K41: THBKK | L41: N | M41: N | N41: N | P41: 46038.542 | Q41: 46038.583 | R41: 46038.875 | S41: =ROUND((Q41-P41)*24,4) -> 1 | T41: =TEXT(P41,"YYYY-MM") -> 2026-01 | U41: =RANK(S41,$S$2:$S$670)+COUNTIF($S$2:S41,S41)-1 -> 383 | V41: =ROUND((R41-Q41)*24,4) -> 7 | W41: =ROUND((R41-P41)*24,4) -> 8 | X41: =TEXT(P41,"dddd") -> Friday | Y41: =HOUR(Q41) -> 14
A42: CHT | B42: KMTP | C42: KMTC TAIPEIS | D42: KMT | E42: 04 | F42: 2601 | G42: S | H42: 2601S | I42: LCH05 | J42: THLCH | K42: THBKK | L42: N | M42: N | N42: Y | P42: 46038.667 | Q42: 46038.708 | R42: 46039.042 | S42: =ROUND((Q42-P42)*24,4) -> 1 | T42: =TEXT(P42,"YYYY-MM") -> 2026-01 | U42: =RANK(S42,$S$2:$S$670)+COUNTIF($S$2:S42,S42)-1 -> 384 | V42: =ROUND((R42-Q42)*24,4) -> 8 | W42: =ROUND((R42-P42)*24,4) -> 9 | X42: =TEXT(P42,"dddd") -> Friday | Y42: =HOUR(Q42) -> 17
A43: CHT | B43: TSNA | C43: TS TIANJIN | D43: TSL | E43: 04 | F43: 25014 | G43: S | H43: 25014S | I43: LCH01 | J43: THLCH | K43: THBKK | L43: N | M43: N | N43: Y | P43: 46038.708 | Q43: 46038.75 | R43: 46039.083 | S43: =ROUND((Q43-P43)*24,4) -> 1 | T43: =TEXT(P43,"YYYY-MM") -> 2026-01 | U43: =RANK(S43,$S$2:$S$670)+COUNTIF($S$2:S43,S43)-1 -> 385 | V43: =ROUND((R43-Q43)*24,4) -> 8 | W43: =ROUND((R43-P43)*24,4) -> 9 | X43: =TEXT(P43,"dddd") -> Friday | Y43: =HOUR(Q43) -> 18
A44: VTS | B44: KJT | C44: KMTC JAKARTA | D44: KMT | E44: 06 | F44: 2515 | G44: N | H44: 2515N | I44: BKK01 | J44: THBKK | K44: THLCH | L44: N | M44: N | N44: N | P44: 46038.958 | Q44: 46039.292 | R44: 46040.5 | S44: =ROUND((Q44-P44)*24,4) -> 8 | T44: =TEXT(P44,"YYYY-MM") -> 2026-01 | U44: =RANK(S44,$S$2:$S$670)+COUNTIF($S$2:S44,S44)-1 -> 171 | V44: =ROUND((R44-Q44)*24,4) -> 29 | W44: =ROUND((R44-P44)*24,4) -> 37 | X44: =TEXT(P44,"dddd") -> Friday | Y44: =HOUR(Q44) -> 7
A45: CHT | B45: KMTP | C45: KMTC TAIPEIS | D45: KMT | E45: 05 | F45: 2601 | G45: N | H45: 2601N | I45: BKK04 | J45: THBKK | K45: CNXMN | L45: N | M45: N | N45: Y | P45: 46039.125 | Q45: 46039.333 | R45: 46040.5 | S45: =ROUND((Q45-P45)*24,4) -> 5 | T45: =TEXT(P45,"YYYY-MM") -> 2026-01 | U45: =RANK(S45,$S$2:$S$670)+COUNTIF($S$2:S45,S45)-1 -> 224 | V45: =ROUND((R45-Q45)*24,4) -> 28 | W45: =ROUND((R45-P45)*24,4) -> 33 | X45: =TEXT(P45,"dddd") -> Saturday | Y45: =HOUR(Q45) -> 8
A46: KHS1 | B46: SWIC | C46: SAWASDEE INCHEON | D46: SKR | E46: 06 | F46: 2513 | G46: S | H46: 2513S | I46: LCH01 | J46: THLCH | K46: THBKK | L46: N | M46: N | N46: N | P46: 46039.125 | Q46: 46039.167 | R46: 46039.583 | S46: =ROUND((Q46-P46)*24,4) -> 1 | T46: =TEXT(P46,"YYYY-MM") -> 2026-01 | U46: =RANK(S46,$S$2:$S$670)+COUNTIF($S$2:S46,S46)-1 -> 386 | V46: =ROUND((R46-Q46)*24,4) -> 10 | W46: =ROUND((R46-P46)*24,4) -> 11 | X46: =TEXT(P46,"dddd") -> Saturday | Y46: =HOUR(Q46) -> 4
A47: CHT | B47: TSNA | C47: TS TIANJIN | D47: TSL | E47: 05 | F47: 25014 | G47: N | H47: 25014N | I47: BKK04 | J47: THBKK | K47: THLCH | L47: N | M47: N | N47: N | P47: 46039.167 | Q47: 46039.292 | R47: 46040.5 | S47: =ROUND((Q47-P47)*24,4) -> 3 | T47: =TEXT(P47,"YYYY-MM") -> 2026-01 | U47: =RANK(S47,$S$2:$S$670)+COUNTIF($S$2:S47,S47)-1 -> 273 | V47: =ROUND((R47-Q47)*24,4) -> 29 | W47: =ROUND((R47-P47)*24,4) -> 32 | X47: =TEXT(P47,"dddd") -> Saturday | Y47: =HOUR(Q47) -> 7
A48: KTS1 | B48: KMTP | C48: KMTC TAIPEIS | D48: KMT | E48: 06 | F48: 2601 | G48: N | H48: 2601N | I48: BKK01 | J48: THBKK | K48: THLCH | L48: N | M48: N | N48: N | P48: 46039.221 | Q48: 46039.329 | R48: 46040.542 | S48: =ROUND((Q48-P48)*24,4) -> 2.6 | T48: =TEXT(P48,"YYYY-MM") -> 2026-01 | U48: =RANK(S48,$S$2:$S$670)+COUNTIF($S$2:S48,S48)-1 -> 303 | V48: =ROUND((R48-Q48)*24,4) -> 29.1 | W48: =ROUND((R48-P48)*24,4) -> 31.7 | X48: =TEXT(P48,"dddd") -> Saturday | Y48: =HOUR(Q48) -> 7
A49: KHS1 | B49: SWIC | C49: SAWASDEE INCHEON | D49: SKR | E49: 07 | F49: 2513 | G49: N | H49: 2513N | I49: BKK01 | J49: THBKK | K49: THLCH | L49: N | M49: N | N49: N | P49: 46039.667 | Q49: 46040.542 | R49: 46042.208 | S49: =ROUND((Q49-P49)*24,4) -> 21 | T49: =TEXT(P49,"YYYY-MM") -> 2026-01 | U49: =RANK(S49,$S$2:$S$670)+COUNTIF($S$2:S49,S49)-1 -> 40 | V49: =ROUND((R49-Q49)*24,4) -> 40 | W49: =ROUND((R49-P49)*24,4) -> 61 | X49: =TEXT(P49,"dddd") -> Saturday | Y49: =HOUR(Q49) -> 13
A50: BTS | B50: SWSP | C50: SAWASDEE SPICA | D50: SKR | E50: 06 | F50: 2514 | G50: S | H50: 2514S | I50: LCH01 | J50: THLCH | K50: THBKK | L50: N | M50: N | N50: N | P50: 46039.958 | Q50: 46040.354 | R50: 46040.792 | S50: =ROUND((Q50-P50)*24,4) -> 9.5 | T50: =TEXT(P50,"YYYY-MM") -> 2026-01 | U50: =RANK(S50,$S$2:$S$670)+COUNTIF($S$2:S50,S50)-1 -> 150 | V50: =ROUND((R50-Q50)*24,4) -> 10.5 | W50: =ROUND((R50-P50)*24,4) -> 20 | X50: =TEXT(P50,"dddd") -> Saturday | Y50: =HOUR(Q50) -> 8
A51: VTS | B51: KJT | C51: KMTC JAKARTA | D51: KMT | E51: 07 | F51: 2515 | G51: N | H51: 2515N | I51: LCH04 | J51: THLCH | K51: HKHKG | L51: N | M51: N | N51: N | P51: 46040.708 | Q51: 46040.875 | R51: 46041.292 | S51: =ROUND((Q51-P51)*24,4) -> 4 | T51: =TEXT(P51,"YYYY-MM") -> 2026-01 | U51: =RANK(S51,$S$2:$S$670)+COUNTIF($S$2:S51,S51)-1 -> 246 | V51: =ROUND((R51-Q51)*24,4) -> 10 | W51: =ROUND((R51-P51)*24,4) -> 14 | X51: =TEXT(P51,"dddd") -> Sunday | Y51: =HOUR(Q51) -> 21
A52: CHT | B52: TSNA | C52: TS TIANJIN | D52: TSL | E52: 06 | F52: 25014 | G52: N | H52: 25014N | I52: LCH01 | J52: THLCH | K52: HKHKG | L52: N | M52: Y | N52: N | P52: 46040.708 | Q52: 46040.75 | R52: 46041.333 | S52: =ROUND((Q52-P52)*24,4) -> 1 | T52: =TEXT(P52,"YYYY-MM") -> 2026-01 | U52: =RANK(S52,$S$2:$S$670)+COUNTIF($S$2:S52,S52)-1 -> 387 | V52: =ROUND((R52-Q52)*24,4) -> 14 | W52: =ROUND((R52-P52)*24,4) -> 15 | X52: =TEXT(P52,"dddd") -> Sunday | Y52: =HOUR(Q52) -> 18
... A54: BTS | B54: SWSP | C54: SAWASDEE SPICA | D54: SKR | E54: 07 | F54: 2514 | G54: N | H54: 2514N | I54: BKK04 | J54: THBKK | K54: THLCH | L54: N | M54: N | N54: N | P54: 46040.875 | Q54: 46041.5 | R54: 46043.208 | S54: =ROUND((Q54-P54)*24,4) -> 15 | T54: =TEXT(P54,"YYYY-MM") -> 2026-01 | U54: =RANK(S54,$S$2:$S$670)+COUNTIF($S$2:S54,S54)-1 -> 77 | V54: =ROUND((R54-Q54)*24,4) -> 41 | W54: =ROUND((R54-P54)*24,4) -> 56 | X54: =TEXT(P54,"dddd") -> Sunday | Y54: =HOUR(Q54) -> 12
A55: KST | B55: SKSH | C55: SKY SUNSHINE | D55: CKL | E55: 06 | F55: 2517 | G55: N | H55: 2517N | I55: LCH05 | J55: THLCH | K55: VNSGN | L55: N | M55: N | N55: N | O55: BUY(CKL) | P55: 46041.833 | Q55: 46041.875 | R55: 46042.833 | S55: =ROUND((Q55-P55)*24,4) -> 1 | T55: =TEXT(P55,"YYYY-MM") -> 2026-01 | U55: =RANK(S55,$S$2:$S$670)+COUNTIF($S$2:S55,S55)-1 -> 389 | V55: =ROUND((R55-Q55)*24,4) -> 23 | W55: =ROUND((R55-P55)*24,4) -> 24 | X55: =TEXT(P55,"dddd") -> Monday | Y55: =HOUR(Q55) -> 21
A56: KHS1 | B56: SWIC | C56: SAWASDEE INCHEON | D56: SKR | E56: 08 | F56: 2513 | G56: N | H56: 2513N | I56: LCH01 | J56: THLCH | K56: VNSGN | L56: N | M56: N | N56: N | P56: 46042.417 | Q56: 46042.458 | R56: 46042.792 | S56: =ROUND((Q56-P56)*24,4) -> 1 | T56: =TEXT(P56,"YYYY-MM") -> 2026-01 | U56: =RANK(S56,$S$2:$S$670)+COUNTIF($S$2:S56,S56)-1 -> 390 | V56: =ROUND((R56-Q56)*24,4) -> 8 | W56: =ROUND((R56-P56)*24,4) -> 9 | X56: =TEXT(P56,"dddd") -> Tuesday | Y56: =HOUR(Q56) -> 11
A57: BTS | B57: SWSP | C57: SAWASDEE SPICA | D57: SKR | E57: 08 | F57: 2514 | G57: N | H57: 2514N | I57: LCH01 | J57: THLCH | K57: VNSGN | L57: N | M57: N | N57: N | P57: 46043.417 | Q57: 46043.792 | R57: 46044.375 | S57: =ROUND((Q57-P57)*24,4) -> 9 | T57: =TEXT(P57,"YYYY-MM") -> 2026-01 | U57: =RANK(S57,$S$2:$S$670)+COUNTIF($S$2:S57,S57)-1 -> 152 | V57: =ROUND((R57-Q57)*24,4) -> 14 | W57: =ROUND((R57-P57)*24,4) -> 23 | X57: =TEXT(P57,"dddd") -> Wednesday | Y57: =HOUR(Q57) -> 19
A58: PCI2 | B58: HAB | C58: HEUNG-A BANGKOK | D58: HAS | E58: 07 | F58: 2512 | G58: N | H58: 2512N | I58: LCH02 | J58: THLCH | K58: CNSHA | L58: N | M58: N | N58: N | P58: 46043.667 | Q58: 46043.675 | R58: 46044.458 | S58: =ROUND((Q58-P58)*24,4) -> 0.2 | T58: =TEXT(P58,"YYYY-MM") -> 2026-01 | U58: =RANK(S58,$S$2:$S$670)+COUNTIF($S$2:S58,S58)-1 -> 623 | V58: =ROUND((R58-Q58)*24,4) -> 18.8 | W58: =ROUND((R58-P58)*24,4) -> 19 | X58: =TEXT(P58,"dddd") -> Wednesday | Y58: =HOUR(Q58) -> 16
A59: KST | B59: SWPC | C59: SAWASDEE PACIFIC | D59: SKR | E59: 04 | F59: 2601 | G59: S | H59: 2601S | I59: LCH03 | J59: THLCH | K59: THBKK | L59: N | M59: N | N59: N | P59: 46044.708 | Q59: 46044.75 | R59: 46045.125 | S59: =ROUND((Q59-P59)*24,4) -> 1 | T59: =TEXT(P59,"YYYY-MM") -> 2026-01 | U59: =RANK(S59,$S$2:$S$670)+COUNTIF($S$2:S59,S59)-1 -> 391 | V59: =ROUND((R59-Q59)*24,4) -> 9 | W59: =ROUND((R59-P59)*24,4) -> 10 | X59: =TEXT(P59,"dddd") -> Thursday | Y59: =HOUR(Q59) -> 18
A60: KST | B60: SWPC | C60: SAWASDEE PACIFIC | D60: SKR | E60: 05 | F60: 2601 | G60: N | H60: 2601N | I60: BKK02 | J60: THBKK | K60: THLCH | L60: N | M60: N | N60: N | P60: 46045.333 | Q60: 46045.417 | R60: 46046.258 | S60: =ROUND((Q60-P60)*24,4) -> 2 | T60: =TEXT(P60,"YYYY-MM") -> 2026-01 | U60: =RANK(S60,$S$2:$S$670)+COUNTIF($S$2:S60,S60)-1 -> 318 | V60: =ROUND((R60-Q60)*24,4) -> 20.2 | W60: =ROUND((R60-P60)*24,4) -> 22.2 | X60: =TEXT(P60,"dddd") -> Friday | Y60: =HOUR(Q60) -> 10
A61: KHS1 | B61: HAHM | C61: HEUNG-A HOCHIMINH | D61: HAS | E61: 06 | F61: 2601 | G61: S | H61: 2601S | I61: LCH08 | J61: THLCH | K61: THBKK | L61: N | M61: N | N61: N | P61: 46045.5 | Q61: 46045.542 | R61: 46045.958 | S61: =ROUND((Q61-P61)*24,4) -> 1 | T61: =TEXT(P61,"YYYY-MM") -> 2026-01 | U61: =RANK(S61,$S$2:$S$670)+COUNTIF($S$2:S61,S61)-1 -> 392 | V61: =ROUND((R61-Q61)*24,4) -> 10 | W61: =ROUND((R61-P61)*24,4) -> 11 | X61: =TEXT(P61,"dddd") -> Friday | Y61: =HOUR(Q61) -> 13
A62: KHS1 | B62: HAHM | C62: HEUNG-A HOCHIMINH | D62: HAS | E62: 07 | F62: 2601 | G62: N | H62: 2601N | I62: BKK01 | J62: THBKK | K62: THLCH | L62: N | M62: N | N62: N | P62: 46046.042 | Q62: 46046.292 | R62: 46048.25 | S62: =ROUND((Q62-P62)*24,4) -> 6 | T62: =TEXT(P62,"YYYY-MM") -> 2026-01 | U62: =RANK(S62,$S$2:$S$670)+COUNTIF($S$2:S62,S62)-1 -> 205 | V62: =ROUND((R62-Q62)*24,4) -> 47 | W62: =ROUND((R62-P62)*24,4) -> 53 | X62: =TEXT(P62,"dddd") -> Saturday | Y62: =HOUR(Q62) -> 7
A63: BTS | B63: SWCP | C63: SAWASDEE CAPELLA | D63: SKR | E63: 06 | F63: 2601 | G63: S | H63: 2601S | I63: LCH01 | J63: THLCH | K63: THBKK | L63: N | M63: N | N63: N | P63: 46046.188 | Q63: 46046.542 | R63: 46046.958 | S63: =ROUND((Q63-P63)*24,4) -> 8.5 | T63: =TEXT(P63,"YYYY-MM") -> 2026-01 | U63: =RANK(S63,$S$2:$S$670)+COUNTIF($S$2:S63,S63)-1 -> 166 | V63: =ROUND((R63-Q63)*24,4) -> 10 | W63: =ROUND((R63-P63)*24,4) -> 18.5 | X63: =TEXT(P63,"dddd") -> Saturday | Y63: =HOUR(Q63) -> 13
A64: ANX | B64: KXM | C64: KMTC XIAMEN | D64: KMT | E64: 06 | F64: 2601 | G64: S | H64: 2601S | I64: LCH04 | J64: THLCH | K64: IDJKT | L64: N | M64: N | N64: N | P64: 46046.458 | Q64: 46046.993 | R64: 46047.783 | S64: =ROUND((Q64-P64)*24,4) -> 12.8333 | T64: =TEXT(P64,"YYYY-MM") -> 2026-01 | U64: =RANK(S64,$S$2:$S$670)+COUNTIF($S$2:S64,S64)-1 -> 112 | V64: =ROUND((R64-Q64)*24,4) -> 18.9667 | W64: =ROUND((R64-P64)*24,4) -> 31.8 | X64: =TEXT(P64,"dddd") -> Saturday | Y64: =HOUR(Q64) -> 23
A65: BTS | B65: SWCP | C65: SAWASDEE CAPELLA | D65: SKR | E65: 07 | F65: 2601 | G65: N | H65: 2601N | I65: BKK04 | J65: THBKK | K65: THLCH | L65: N | M65: N | N65: N | P65: 46047.042 | Q65: 46047.375 | R65: 46048.833 | S65: =ROUND((Q65-P65)*24,4) -> 8 | T65: =TEXT(P65,"YYYY-MM") -> 2026-01 | U65: =RANK(S65,$S$2:$S$670)+COUNTIF($S$2:S65,S65)-1 -> 172 | V65: =ROUND((R65-Q65)*24,4) -> 35 | W65: =ROUND((R65-P65)*24,4) -> 43 | X65: =TEXT(P65,"dddd") -> Sunday | Y65: =HOUR(Q65) -> 9
A66: NTX | B66: DJCF | C66: DONGJIN CONFIDENT | D66: DJS | E66: 06 | F66: 141 | G66: S | H66: 0141S | I66: LCH04 | J66: THLCH | K66: THBKK | L66: N | M66: N | N66: N | O66: BUY(SKR) | P66: 46047.042 | Q66: 46047.417 | R66: 46047.667 | S66: =ROUND((Q66-P66)*24,4) -> 9 | T66: =TEXT(P66,"YYYY-MM") -> 2026-01 | U66: =RANK(S66,$S$2:$S$670)+COUNTIF($S$2:S66,S66)-1 -> 153 | V66: =ROUND((R66-Q66)*24,4) -> 6 | W66: =ROUND((R66-P66)*24,4) -> 15 | X66: =TEXT(P66,"dddd") -> Sunday | Y66: =HOUR(Q66) -> 10
A67: KST | B67: SWPC | C67: SAWASDEE PACIFIC | D67: SKR | E67: 06 | F67: 2601 | G67: N | H67: 2601N | I67: LCH10 | J67: THLCH | K67: VNSGN | L67: N | M67: N | N67: N | P67: 46047.333 | Q67: 46047.375 | R67: 46047.792 | S67: =ROUND((Q67-P67)*24,4) -> 1 | T67: =TEXT(P67,"YYYY-MM") -> 2026-01 | U67: =RANK(S67,$S$2:$S$670)+COUNTIF($S$2:S67,S67)-1 -> 393 | V67: =ROUND((R67-Q67)*24,4) -> 10 | W67: =ROUND((R67-P67)*24,4) -> 11 | X67: =TEXT(P67,"dddd") -> Sunday | Y67: =HOUR(Q67) -> 9
A68: PCI2 | B68: SWAL | C68: SAWASDEE ALTAIR | D68: SKR | E68: 07 | F68: 2601 | G68: N | H68: 2601N | I68: LCH02 | J68: THLCH | K68: CNSHA | L68: Y | M68: N | N68: N | P68: 46047.584 | Q68: 46047.585 | R68: 46047.585 | S68: =ROUND((Q68-P68)*24,4) -> 0.0167 | T68: =TEXT(P68,"YYYY-MM") -> 2026-01 | U68: =RANK(S68,$S$2:$S$670)+COUNTIF($S$2:S68,S68)-1 -> 628 | V68: =ROUND((R68-Q68)*24,4) -> 0.0167 | W68: =ROUND((R68-P68)*24,4) -> 0.0333 | X68: =TEXT(P68,"dddd") -> Sunday | Y68: =HOUR(Q68) -> 14
A69: NTX | B69: DJCF | C69: DONGJIN CONFIDENT | D69: DJS | E69: 07 | F69: 141 | G69: N | H69: 0141N | I69: BKK02 | J69: THBKK | K69: THLCH | L69: N | M69: N | N69: N | O69: BUY(SKR) | P69: 46047.792 | Q69: 46047.875 | R69: 46048.833 | S69: =ROUND((Q69-P69)*24,4) -> 2 | T69: =TEXT(P69,"YYYY-MM") -> 2026-01 | U69: =RANK(S69,$S$2:$S$670)+COUNTIF($S$2:S69,S69)-1 -> 319 | V69: =ROUND((R69-Q69)*24,4) -> 23 | W69: =ROUND((R69-P69)*24,4) -> 25 | X69: =TEXT(P69,"dddd") -> Sunday | Y69: =HOUR(Q69) -> 21
A70: KHS1 | B70: HAHM | C70: HEUNG-A HOCHIMINH | D70: HAS | E70: 08 | F70: 2601 | G70: N | H70: 2601N | I70: LCH01 | J70: THLCH | K70: VNSGN | L70: N | M70: N | N70: N | P70: 46048.458 | Q70: 46048.75 | R70: 46049.167 | S70: =ROUND((Q70-P70)*24,4) -> 7 | T70: =TEXT(P70,"YYYY-MM") -> 2026-01 | U70: =RANK(S70,$S$2:$S$670)+COUNTIF($S$2:S70,S70)-1 -> 181 | V70: =ROUND((R70-Q70)*24,4) -> 10 | W70: =ROUND((R70-P70)*24,4) -> 17 | X70: =TEXT(P70,"dddd") -> Monday | Y70: =HOUR(Q70) -> 18
A71: VTS | B71: SKOR | C71: SKY ORION | D71: CKL | E71: 05 | F71: 2601 | G71: S | H71: 2601S | I71: LCH04 | J71: THLCH | K71: THBKK | L71: N | M71: N | N71: N | P71: 46048.667 | Q71: 46048.708 | R71: 46049 | S71: =ROUND((Q71-P71)*24,4) -> 1 | T71: =TEXT(P71,"YYYY-MM") -> 2026-01 | U71: =RANK(S71,$S$2:$S$670)+COUNTIF($S$2:S71,S71)-1 -> 394 | V71: =ROUND((R71-Q71)*24,4) -> 7 | W71: =ROUND((R71-P71)*24,4) -> 8 | X71: =TEXT(P71,"dddd") -> Monday | Y71: =HOUR(Q71) -> 17
A72: NTX | B72: DJCF | C72: DONGJIN CONFIDENT | D72: DJS | E72: 08 | F72: 141 | G72: N | H72: 0141N | I72: LCH04 | J72: THLCH | K72: VNSGN | L72: N | M72: N | N72: N | O72: BUY(SKR) | P72: 46049 | Q72: 46049.125 | R72: 46049.438 | S72: =ROUND((Q72-P72)*24,4) -> 3 | T72: =TEXT(P72,"YYYY-MM") -> 2026-01 | U72: =RANK(S72,$S$2:$S$670)+COUNTIF($S$2:S72,S72)-1 -> 274 | V72: =ROUND((R72-Q72)*24,4) -> 7.5 | W72: =ROUND((R72-P72)*24,4) -> 10.5 | X72: =TEXT(P72,"dddd") -> Tuesday | Y72: =HOUR(Q72) -> 3
A73: VTS | B73: SKOR | C73: SKY ORION | D73: CKL | E73: 06 | F73: 2601 | G73: N | H73: 2601N | I73: BKK01 | J73: THBKK | K73: THLCH | L73: N | M73: N | N73: N | P73: 46049.021 | Q73: 46049.396 | R73: 46050.333 | S73: =ROUND((Q73-P73)*24,4) -> 9 | T73: =TEXT(P73,"YYYY-MM") -> 2026-01 | U73: =RANK(S73,$S$2:$S$670)+COUNTIF($S$2:S73,S73)-1 -> 154 | V73: =ROUND((R73-Q73)*24,4) -> 22.5 | W73: =ROUND((R73-P73)*24,4) -> 31.5 | X73: =TEXT(P73,"dddd") -> Tuesday | Y73: =HOUR(Q73) -> 9
A74: BTS | B74: SWCP | C74: SAWASDEE CAPELLA | D74: SKR | E74: 08 | F74: 2601 | G74: N | H74: 2601N | I74: LCH01 | J74: THLCH | K74: VNSGN | L74: N | M74: N | N74: N | P74: 46049.042 | Q74: 46049.292 | R74: 46049.833 | S74: =ROUND((Q74-P74)*24,4) -> 6 | T74: =TEXT(P74,"YYYY-MM") -> 2026-01 | U74: =RANK(S74,$S$2:$S$670)+COUNTIF($S$2:S74,S74)-1 -> 206 | V74: =ROUND((R74-Q74)*24,4) -> 13 | W74: =ROUND((R74-P74)*24,4) -> 19 | X74: =TEXT(P74,"dddd") -> Tuesday | Y74: =HOUR(Q74) -> 7
A75: KTS1 | B75: KMGY | C75: KMTC GWANGYANG | D75: KMT | E75: 05 | F75: 2601 | G75: S | H75: 2601S | I75: LCH04 | J75: THLCH | K75: THBKK | L75: N | M75: N | N75: N | P75: 46049.479 | Q75: 46049.562 | R75: 46049.75 | S75: =ROUND((Q75-P75)*24,4) -> 2 | T75: =TEXT(P75,"YYYY-MM") -> 2026-01 | U75: =RANK(S75,$S$2:$S$670)+COUNTIF($S$2:S75,S75)-1 -> 320 | V75: =ROUND((R75-Q75)*24,4) -> 4.5 | W75: =ROUND((R75-P75)*24,4) -> 6.5 | X75: =TEXT(P75,"dddd") -> Tuesday | Y75: =HOUR(Q75) -> 13
A76: KTS1 | B76: KMGY | C76: KMTC GWANGYANG | D76: KMT | E76: 06 | F76: 2601 | G76: S | H76: 2601S | I76: BKK01 | J76: THBKK | K76: THBKK | L76: N | M76: N | N76: N | P76: 46049.833 | Q76: 46050.375 | R76: 46051.333 | S76: =ROUND((Q76-P76)*24,4) -> 13 | T76: =TEXT(P76,"YYYY-MM") -> 2026-01 | U76: =RANK(S76,$S$2:$S$670)+COUNTIF($S$2:S76,S76)-1 -> 102 | V76: =ROUND((R76-Q76)*24,4) -> 23 | W76: =ROUND((R76-P76)*24,4) -> 36 | X76: =TEXT(P76,"dddd") -> Tuesday | Y76: =HOUR(Q76) -> 9
A77: CHT | B77: KMGY | C77: KMTC GWANGYANG | D77: KMT | E77: 05 | F77: 2601 | G77: N | H77: 2601N | I77: BKK04 | J77: THBKK | K77: THLCH | L77: N | M77: N | N77: N | P77: 46049.833 | Q77: 46050.354 | R77: 46051.333 | S77: =ROUND((Q77-P77)*24,4) -> 12.5 | T77: =TEXT(P77,"YYYY-MM") -> 2026-01 | U77: =RANK(S77,$S$2:$S$670)+COUNTIF($S$2:S77,S77)-1 -> 113 | V77: =ROUND((R77-Q77)*24,4) -> 23.5 | W77: =ROUND((R77-P77)*24,4) -> 36 | X77: =TEXT(P77,"dddd") -> Tuesday | Y77: =HOUR(Q77) -> 8
A78: NTX | B78: PGPO | C78: PEGASUS PROTO | D78: NAM | E78: 06 | F78: 2601 | G78: S | H78: 2601S | I78: LCH04 | J78: THLCH | K78: THBKK | L78: N | M78: N | N78: N | P78: 46050.333 | Q78: 46050.375 | R78: 46050.708 | S78: =ROUND((Q78-P78)*24,4) -> 1 | T78: =TEXT(P78,"YYYY-MM") -> 2026-01 | U78: =RANK(S78,$S$2:$S$670)+COUNTIF($S$2:S78,S78)-1 -> 395 | V78: =ROUND((R78-Q78)*24,4) -> 8 | W78: =ROUND((R78-P78)*24,4) -> 9 | X78: =TEXT(P78,"dddd") -> Wednesday | Y78: =HOUR(Q78) -> 9
A79: VTS | B79: SKOR | C79: SKY ORION | D79: CKL | E79: 07 | F79: 2601 | G79: N | H79: 2601N | I79: LCH04 | J79: THLCH | K79: CNXMN | L79: N | M79: N | N79: N | P79: 46050.5 | Q79: 46050.833 | R79: 46051.208 | S79: =ROUND((Q79-P79)*24,4) -> 8 | T79: =TEXT(P79,"YYYY-MM") -> 2026-01 | U79: =RANK(S79,$S$2:$S$670)+COUNTIF($S$2:S79,S79)-1 -> 173 | V79: =ROUND((R79-Q79)*24,4) -> 9 | W79: =ROUND((R79-P79)*24,4) -> 17 | X79: =TEXT(P79,"dddd") -> Wednesday | Y79: =HOUR(Q79) -> 20
A80: KHS1 | B80: KPN | C80: KMTC PUSAN | D80: KMT | E80: 06 | F80: 2601 | G80: S | H80: 2601S | I80: LCH01 | J80: THLCH | K80: THBKK | L80: N | M80: N | N80: N | P80: 46050.708 | Q80: 46050.75 | R80: 46051.167 | S80: =ROUND((Q80-P80)*24,4) -> 1 | T80: =TEXT(P80,"YYYY-MM") -> 2026-01 | U80: =RANK(S80,$S$2:$S$670)+COUNTIF($S$2:S80,S80)-1 -> 396 | V80: =ROUND((R80-Q80)*24,4) -> 10 | W80: =ROUND((R80-P80)*24,4) -> 11 | X80: =TEXT(P80,"dddd") -> Wednesday | Y80: =HOUR(Q80) -> 18
A81: KST | B81: SPHO | C81: POS HOCHIMINH | D81: PAN | E81: 04 | F81: 1059 | G81: S | H81: 1059S | I81: LCH05 | J81: THLCH | K81: THLCH | L81: Y | M81: N | N81: N | O81: BUY(PAN) | P81: 46050.709 | Q81: 46050.71 | R81: 46050.71 | S81: =ROUND((Q81-P81)*24,4) -> 0.0167 | T81: =TEXT(P81,"YYYY-MM") -> 2026-01 | U81: =RANK(S81,$S$2:$S$670)+COUNTIF($S$2:S81,S81)-1 -> 629 | V81: =ROUND((R81-Q81)*24,4) -> 0.0167 | W81: =ROUND((R81-P81)*24,4) -> 0.0333 | X81: =TEXT(P81,"dddd") -> Wednesday | Y81: =HOUR(Q81) -> 17
A82: KST | B82: SPHO | C82: POS HOCHIMINH | D82: PAN | E82: 05 | F82: 1059 | G82: N | H82: 1059N | I82: BKK02 | J82: THBKK | K82: THLCH | L82: Y | M82: N | N82: N | O82: BUY(PAN) | P82: 46050.711 | Q82: 46050.712 | R82: 46050.713 | S82: =ROUND((Q82-P82)*24,4) -> 0.0167 | T82: =TEXT(P82,"YYYY-MM") -> 2026-01 | U82: =RANK(S82,$S$2:$S$670)+COUNTIF($S$2:S82,S82)-1 -> 630 | V82: =ROUND((R82-Q82)*24,4) -> 0.0167 | W82: =ROUND((R82-P82)*24,4) -> 0.0333 | X82: =TEXT(P82,"dddd") -> Wednesday | Y82: =HOUR(Q82) -> 17
A83: NTX | B83: PGPO | C83: PEGASUS PROTO | D83: NAM | E83: 07 | F83: 2601 | G83: N | H83: 2601N | I83: BKK02 | J83: THBKK | K83: THLCH | L83: N | M83: N | N83: N | P83: 46050.792 | Q83: 46051.146 | R83: 46052.083 | S83: =ROUND((Q83-P83)*24,4) -> 8.5 | T83: =TEXT(P83,"YYYY-MM") -> 2026-01 | U83: =RANK(S83,$S$2:$S$670)+COUNTIF($S$2:S83,S83)-1 -> 167 | V83: =ROUND((R83-Q83)*24,4) -> 22.5 | W83: =ROUND((R83-P83)*24,4) -> 31 | X83: =TEXT(P83,"dddd") -> Wednesday | Y83: =HOUR(Q83) -> 3
A84: KHS1 | B84: KPN | C84: KMTC PUSAN | D84: KMT | E84: 07 | F84: 2601 | G84: N | H84: 2601N | I84: BKK01 | J84: THBKK | K84: THLCH | L84: N | M84: N | N84: N | P84: 46051.25 | Q84: 46051.375 | R84: 46052.458 | S84: =ROUND((Q84-P84)*24,4) -> 3 | T84: =TEXT(P84,"YYYY-MM") -> 2026-01 | U84: =RANK(S84,$S$2:$S$670)+COUNTIF($S$2:S84,S84)-1 -> 275 | V84: =ROUND((R84-Q84)*24,4) -> 26 | W84: =ROUND((R84-P84)*24,4) -> 29 | X84: =TEXT(P84,"dddd") -> Thursday | Y84: =HOUR(Q84) -> 9
A85: VTS | B85: SWSR | C85: SAWASDEE SUNRISE | D85: SKR | E85: 05 | F85: 2601 | G85: S | H85: 2601S | I85: LCH04 | J85: THLCH | K85: THBKK | L85: N | M85: N | N85: N | P85: 46051.335 | Q85: 46051.354 | R85: 46051.608 | S85: =ROUND((Q85-P85)*24,4) -> 0.4667 | T85: =TEXT(P85,"YYYY-MM") -> 2026-01 | U85: =RANK(S85,$S$2:$S$670)+COUNTIF($S$2:S85,S85)-1 -> 616 | V85: =ROUND((R85-Q85)*24,4) -> 6.1 | W85: =ROUND((R85-P85)*24,4) -> 6.5667 | X85: =TEXT(P85,"dddd") -> Thursday | Y85: =HOUR(Q85) -> 8
A86: CHT | B86: KMGY | C86: KMTC GWANGYANG | D86: KMT | E86: 06 | F86: 2601 | G86: N | H86: 2601N | I86: LCH05 | J86: THLCH | K86: HKHKG | L86: N | M86: Y | N86: N | P86: 46051.542 | Q86: 46051.688 | R86: 46052.396 | S86: =ROUND((Q86-P86)*24,4) -> 3.5 | T86: =TEXT(P86,"YYYY-MM") -> 2026-01 | U86: =RANK(S86,$S$2:$S$670)+COUNTIF($S$2:S86,S86)-1 -> 261 | V86: =ROUND((R86-Q86)*24,4) -> 17 | W86: =ROUND((R86-P86)*24,4) -> 20.5 | X86: =TEXT(P86,"dddd") -> Thursday | Y86: =HOUR(Q86) -> 16
A87: VTS | B87: SWSR | C87: SAWASDEE SUNRISE | D87: SKR | E87: 06 | F87: 2601 | G87: N | H87: 2601N | I87: BKK01 | J87: THBKK | K87: THLCH | L87: N | M87: N | N87: N | P87: 46051.708 | Q87: 46052.312 | R87: 46054.079 | S87: =ROUND((Q87-P87)*24,4) -> 14.5 | T87: =TEXT(P87,"YYYY-MM") -> 2026-01 | U87: =RANK(S87,$S$2:$S$670)+COUNTIF($S$2:S87,S87)-1 -> 86 | V87: =ROUND((R87-Q87)*24,4) -> 42.4 | W87: =ROUND((R87-P87)*24,4) -> 56.9 | X87: =TEXT(P87,"dddd") -> Thursday | Y87: =HOUR(Q87) -> 7
A88: NTX | B88: PGPO | C88: PEGASUS PROTO | D88: NAM | E88: 08 | F88: 2601 | G88: N | H88: 2601N | I88: LCH04 | J88: THLCH | K88: VNSGN | L88: N | M88: N | N88: N | P88: 46052.292 | Q88: 46052.333 | R88: 46052.667 | S88: =ROUND((Q88-P88)*24,4) -> 1 | T88: =TEXT(P88,"YYYY-MM") -> 2026-01 | U88: =RANK(S88,$S$2:$S$670)+COUNTIF($S$2:S88,S88)-1 -> 397 | V88: =ROUND((R88-Q88)*24,4) -> 8 | W88: =ROUND((R88-P88)*24,4) -> 9 | X88: =TEXT(P88,"dddd") -> Friday | Y88: =HOUR(Q88) -> 8
A89: KHS1 | B89: KPN | C89: KMTC PUSAN | D89: KMT | E89: 08 | F89: 2601 | G89: N | H89: 2601N | I89: LCH01 | J89: THLCH | K89: VNSGN | L89: N | M89: N | N89: N | P89: 46052.542 | Q89: 46052.833 | R89: 46053.208 | S89: =ROUND((Q89-P89)*24,4) -> 7 | T89: =TEXT(P89,"YYYY-MM") -> 2026-01 | U89: =RANK(S89,$S$2:$S$670)+COUNTIF($S$2:S89,S89)-1 -> 182 | V89: =ROUND((R89-Q89)*24,4) -> 9 | W89: =ROUND((R89-P89)*24,4) -> 16 | X89: =TEXT(P89,"dddd") -> Friday | Y89: =HOUR(Q89) -> 20
A90: KST | B90: SKSH | C90: SKY SUNSHINE | D90: CKL | E90: 04 | F90: 2601 | G90: S | H90: 2601S | I90: LCH05 | J90: THLCH | K90: THLCH | L90: Y | M90: N | N90: N | O90: BUY(CKL) | P90: 46053.292 | Q90: 46053.293 | R90: 46053.294 | S90: =ROUND((Q90-P90)*24,4) -> 0.0167 | T90: =TEXT(P90,"YYYY-MM") -> 2026-01 | U90: =RANK(S90,$S$2:$S$670)+COUNTIF($S$2:S90,S90)-1 -> 631 | V90: =ROUND((R90-Q90)*24,4) -> 0.0167 | W90: =ROUND((R90-P90)*24,4) -> 0.0333 | X90: =TEXT(P90,"dddd") -> Saturday | Y90: =HOUR(Q90) -> 7
A91: KST | B91: SKSH | C91: SKY SUNSHINE | D91: CKL | E91: 05 | F91: 2601 | G91: N | H91: 2601N | I91: BKK02 | J91: THBKK | K91: THLCH | L91: Y | M91: N | N91: N | O91: BUY(CKL) | P91: 46053.294 | Q91: 46053.295 | R91: 46053.296 | S91: =ROUND((Q91-P91)*24,4) -> 0.0167 | T91: =TEXT(P91,"YYYY-MM") -> 2026-01 | U91: =RANK(S91,$S$2:$S$670)+COUNTIF($S$2:S91,S91)-1 -> 632 | V91: =ROUND((R91-Q91)*24,4) -> 0.0167 | W91: =ROUND((R91-P91)*24,4) -> 0.0333 | X91: =TEXT(P91,"dddd") -> Saturday | Y91: =HOUR(Q91) -> 7
A92: ANX | B92: ICVY | C92: INCHEON VOYAGER | D92: SKR | E92: 06 | F92: 2601 | G92: S | H92: 2601S | I92: LCH04 | J92: THLCH | K92: IDJKT | L92: N | M92: N | N92: N | P92: 46053.312 | Q92: 46053.762 | R92: 46054.608 | S92: =ROUND((Q92-P92)*24,4) -> 10.8 | T92: =TEXT(P92,"YYYY-MM") -> 2026-01 | U92: =RANK(S92,$S$2:$S$670)+COUNTIF($S$2:S92,S92)-1 -> 133 | V92: =ROUND((R92-Q92)*24,4) -> 20.3 | W92: =ROUND((R92-P92)*24,4) -> 31.1 | X92: =TEXT(P92,"dddd") -> Saturday | Y92: =HOUR(Q92) -> 18
A93: VTS | B93: SWSR | C93: SAWASDEE SUNRISE | D93: SKR | E93: 07 | F93: 2601 | G93: N | H93: 2601N | I93: LCH04 | J93: THLCH | K93: HKHKG | L93: N | M93: N | N93: N | P93: 46054.319 | Q93: 46054.338 | R93: 46054.796 | S93: =ROUND((Q93-P93)*24,4) -> 0.4333 | T93: =TEXT(P93,"YYYY-MM") -> 2026-02 | U93: =RANK(S93,$S$2:$S$670)+COUNTIF($S$2:S93,S93)-1 -> 618 | V93: =ROUND((R93-Q93)*24,4) -> 11 | W93: =ROUND((R93-P93)*24,4) -> 11.4333 | X93: =TEXT(P93,"dddd") -> Sunday | Y93: =HOUR(Q93) -> 8
A94: NTX | B94: SWDN | C94: SAWASDEE DENEB | D94: SKR | E94: 06 | F94: 2601 | G94: S | H94: 2601S | I94: LCH04 | J94: THLCH | K94: THBKK | L94: N | M94: N | N94: Y | P94: 46055.667 | Q94: 46055.708 | R94: 46056.042 | S94: =ROUND((Q94-P94)*24,4) -> 1 | T94: =TEXT(P94,"YYYY-MM") -> 2026-02 | U94: =RANK(S94,$S$2:$S$670)+COUNTIF($S$2:S94,S94)-1 -> 398 | V94: =ROUND((R94-Q94)*24,4) -> 8 | W94: =ROUND((R94-P94)*24,4) -> 9 | X94: =TEXT(P94,"dddd") -> Monday | Y94: =HOUR(Q94) -> 17
A95: NTX | B95: SWDN | C95: SAWASDEE DENEB | D95: SKR | E95: 07 | F95: 2601 | G95: N | H95: 2601N | I95: BKK02 | J95: THBKK | K95: THLCH | L95: N | M95: N | N95: N | P95: 46056.25 | Q95: 46056.333 | R95: 46057.208 | S95: =ROUND((Q95-P95)*24,4) -> 2 | T95: =TEXT(P95,"YYYY-MM") -> 2026-02 | U95: =RANK(S95,$S$2:$S$670)+COUNTIF($S$2:S95,S95)-1 -> 321 | V95: =ROUND((R95-Q95)*24,4) -> 21 | W95: =ROUND((R95-P95)*24,4) -> 23 | X95: =TEXT(P95,"dddd") -> Tuesday | Y95: =HOUR(Q95) -> 8
A96: NTX | B96: SWDN | C96: SAWASDEE DENEB | D96: SKR | E96: 08 | F96: 2601 | G96: N | H96: 2601N | I96: LCH04 | J96: THLCH | K96: VNSGN | L96: N | M96: Y | N96: N | P96: 46057.375 | Q96: 46057.458 | R96: 46057.812 | S96: =ROUND((Q96-P96)*24,4) -> 2 | T96: =TEXT(P96,"YYYY-MM") -> 2026-02 | U96: =RANK(S96,$S$2:$S$670)+COUNTIF($S$2:S96,S96)-1 -> 322 | V96: =ROUND((R96-Q96)*24,4) -> 8.5 | W96: =ROUND((R96-P96)*24,4) -> 10.5 | X96: =TEXT(P96,"dddd") -> Wednesday | Y96: =HOUR(Q96) -> 11
A97: PCI2 | B97: SHVY | C97: SHANGHAI VOYAGER | D97: SKR | E97: 07 | F97: 2601 | G97: N | H97: 2601N | I97: LCH02 | J97: THLCH | K97: CNSHA | L97: N | M97: N | N97: N | P97: 46058.5 | Q97: 46059.542 | R97: 46060.333 | S97: =ROUND((Q97-P97)*24,4) -> 25 | T97: =TEXT(P97,"YYYY-MM") -> 2026-02 | U97: =RANK(S97,$S$2:$S$670)+COUNTIF($S$2:S97,S97)-1 -> 31 | V97: =ROUND((R97-Q97)*24,4) -> 19 | W97: =ROUND((R97-P97)*24,4) -> 44 | X97: =TEXT(P97,"dddd") -> Thursday | Y97: =HOUR(Q97) -> 13
A98: KST | B98: SPHO | C98: POS HOCHIMINH | D98: PAN | E98: 06 | F98: 1059 | G98: N | H98: 1059N | I98: LCH05 | J98: THLCH | K98: VNSGN | L98: N | M98: N | N98: N | O98: BUY(PAN) | P98: 46058.958 | Q98: 46059 | R98: 46059.958 | S98: =ROUND((Q98-P98)*24,4) -> 1 | T98: =TEXT(P98,"YYYY-MM") -> 2026-02 | U98: =RANK(S98,$S$2:$S$670)+COUNTIF($S$2:S98,S98)-1 -> 399 | V98: =ROUND((R98-Q98)*24,4) -> 23 | W98: =ROUND((R98-P98)*24,4) -> 24 | X98: =TEXT(P98,"dddd") -> Thursday | Y98: =HOUR(Q98) -> 0
A99: CHT | B99: SWRG | C99: SAWASDEE RIGEL | D99: SKR | E99: 04 | F99: 2601 | G99: S | H99: 2601S | I99: LCH10 | J99: THLCH | K99: THBKK | L99: N | M99: N | N99: Y | P99: 46059.75 | Q99: 46059.792 | R99: 46060 | S99: =ROUND((Q99-P99)*24,4) -> 1 | T99: =TEXT(P99,"YYYY-MM") -> 2026-02 | U99: =RANK(S99,$S$2:$S$670)+COUNTIF($S$2:S99,S99)-1 -> 400 | V99: =ROUND((R99-Q99)*24,4) -> 5 | W99: =ROUND((R99-P99)*24,4) -> 6 | X99: =TEXT(P99,"dddd") -> Friday | Y99: =HOUR(Q99) -> 19
A100: KTS1 | B100: SWMM | C100: SAWASDEE MIMOSA | D100: SKR | E100: 05 | F100: 2601 | G100: S | H100: 2601S | I100: LCH04 | J100: THLCH | K100: THBKK | L100: N | M100: N | N100: N | P100: 46059.833 | Q100: 46059.854 | R100: 46060.264 | S100: =ROUND((Q100-P100)*24,4) -> 0.5 | T100: =TEXT(P100,"YYYY-MM") -> 2026-02 | U100: =RANK(S100,$S$2:$S$670)+COUNTIF($S$2:S100,S100)-1 -> 605 | V100: =ROUND((R100-Q100)*24,4) -> 9.8333 | W100: =ROUND((R100-P100)*24,4) -> 10.3333 | X100: =TEXT(P100,"dddd") -> Friday | Y100: =HOUR(Q100) -> 20
A101: ANX | B101: NSSJ | C101: STARSHIP JUPITER | D101: NAM | E101: 06 | F101: 2601 | G101: S | H101: 2601S | I101: LCH04 | J101: THLCH | K101: IDJKT | L101: N | M101: N | N101: N | P101: 46060.167 | Q101: 46061.208 | R101: 46062.125 | S101: =ROUND((Q101-P101)*24,4) -> 25 | T101: =TEXT(P101,"YYYY-MM") -> 2026-02 | U101: =RANK(S101,$S$2:$S$670)+COUNTIF($S$2:S101,S101)-1 -> 32 | V101: =ROUND((R101-Q101)*24,4) -> 22 | W101: =ROUND((R101-P101)*24,4) -> 47 | X101: =TEXT(P101,"dddd") -> Saturday | Y101: =HOUR(Q101) -> 5
A102: KTS1 | B102: SWRG | C102: SAWASDEE RIGEL | D102: SKR | E102: 06 | F102: 2601 | G102: N | H102: 2601N | I102: BKK01 | J102: THBKK | K102: THLCH | L102: N | M102: N | N102: N | P102: 46060.208 | Q102: 46060.417 | R102: 46062.208 | S102: =ROUND((Q102-P102)*24,4) -> 5 | T102: =TEXT(P102,"YYYY-MM") -> 2026-02 | U102: =RANK(S102,$S$2:$S$670)+COUNTIF($S$2:S102,S102)-1 -> 225 | V102: =ROUND((R102-Q102)*24,4) -> 43 | W102: =ROUND((R102-P102)*24,4) -> 48 | X102: =TEXT(P102,"dddd") -> Saturday | Y102: =HOUR(Q102) -> 10
A103: CHT | B103: SWRG | C103: SAWASDEE RIGEL | D103: SKR | E103: 05 | F103: 2601 | G103: S | H103: 2601S | I103: BKK04 | J103: THBKK | K103: CNXMN | L103: N | M103: N | N103: Y | P103: 46060.292 | Q103: 46060.417 | R103: 46062.208 | S103: =ROUND((Q103-P103)*24,4) -> 3 | T103: =TEXT(P103,"YYYY-MM") -> 2026-02 | U103: =RANK(S103,$S$2:$S$670)+COUNTIF($S$2:S103,S103)-1 -> 276 | V103: =ROUND((R103-Q103)*24,4) -> 43 | W103: =ROUND((R103-P103)*24,4) -> 46 | X103: =TEXT(P103,"dddd") -> Saturday | Y103: =HOUR(Q103) -> 10
A104: CHT | B104: SWMM | C104: SAWASDEE MIMOSA | D104: SKR | E104: 05 | F104: 2601 | G104: N | H104: 2601N | I104: BKK04 | J104: THBKK | K104: THLCH | L104: N | M104: Y | N104: N | P104: 46060.333 | Q104: 46060.458 | R104: 46062.208 | S104: =ROUND((Q104-P104)*24,4) -> 3 | T104: =TEXT(P104,"YYYY-MM") -> 2026-02 | U104: =RANK(S104,$S$2:$S$670)+COUNTIF($S$2:S104,S104)-1 -> 277 | V104: =ROUND((R104-Q104)*24,4) -> 42 | W104: =ROUND((R104-P104)*24,4) -> 45 | X104: =TEXT(P104,"dddd") -> Saturday | Y104: =HOUR(Q104) -> 11
A105: KTS1 | B105: SWMM | C105: SAWASDEE MIMOSA | D105: SKR | E105: 06 | F105: 2601 | G105: S | H105: 2601S | I105: BKK01 | J105: THBKK | K105: THBKK | L105: N | M105: N | N105: N | P105: 46060.347 | Q105: 46060.458 | R105: 46062.208 | S105: =ROUND((Q105-P105)*24,4) -> 2.6667 | T105: =TEXT(P105,"YYYY-MM") -> 2026-02 | U105: =RANK(S105,$S$2:$S$670)+COUNTIF($S$2:S105,S105)-1 -> 302 | V105: =ROUND((R105-Q105)*24,4) -> 42 | W105: =ROUND((R105-P105)*24,4) -> 44.6667 | X105: =TEXT(P105,"dddd") -> Saturday | Y105: =HOUR(Q105) -> 11
A106: KST | B106: SKSH | C106: SKY SUNSHINE | D106: CKL | E106: 06 | F106: 2601 | G106: N | H106: 2601N | I106: LCH05 | J106: THLCH | K106: VNSGN | L106: N | M106: N | N106: N | O106: BUY(CKL) | P106: 46060.625 | Q106: 46060.667 | R106: 46061.312 | S106: =ROUND((Q106-P106)*24,4) -> 1 | T106: =TEXT(P106,"YYYY-MM") -> 2026-02 | U106: =RANK(S106,$S$2:$S$670)+COUNTIF($S$2:S106,S106)-1 -> 401 | V106: =ROUND((R106-Q106)*24,4) -> 15.5 | W106: =ROUND((R106-P106)*24,4) -> 16.5 | X106: =TEXT(P106,"dddd") -> Saturday | Y106: =HOUR(Q106) -> 16
A107: VTS | B107: KJT | C107: KMTC JAKARTA | D107: KMT | E107: 05 | F107: 2601 | G107: S | H107: 2601S | I107: LCH04 | J107: THLCH | K107: THBKK | L107: N | M107: N | N107: N | P107: 46061.75 | Q107: 46061.792 | R107: 46062.083 | S107: =ROUND((Q107-P107)*24,4) -> 1 | T107: =TEXT(P107,"YYYY-MM") -> 2026-02 | U107: =RANK(S107,$S$2:$S$670)+COUNTIF($S$2:S107,S107)-1 -> 402 | V107: =ROUND((R107-Q107)*24,4) -> 7 | W107: =ROUND((R107-P107)*24,4) -> 8 | X107: =TEXT(P107,"dddd") -> Sunday | Y107: =HOUR(Q107) -> 19
A108: KTS1 | B108: KMTP | C108: KMTC TAIPEIS | D108: KMT | E108: 05 | F108: 2602 | G108: S | H108: 2602S | I108: LCH04 | J108: THLCH | K108: THBKK | L108: N | M108: N | N108: N | P108: 46061.917 | Q108: 46061.958 | R108: 46062.208 | S108: =ROUND((Q108-P108)*24,4) -> 1 | T108: =TEXT(P108,"YYYY-MM") -> 2026-02 | U108: =RANK(S108,$S$2:$S$670)+COUNTIF($S$2:S108,S108)-1 -> 403 | V108: =ROUND((R108-Q108)*24,4) -> 6 | W108: =ROUND((R108-P108)*24,4) -> 7 | X108: =TEXT(P108,"dddd") -> Sunday | Y108: =HOUR(Q108) -> 23
A109: VTS | B109: KJT | C109: KMTC JAKARTA | D109: KMT | E109: 06 | F109: 2601 | G109: N | H109: 2601N | I109: BKK01 | J109: THBKK | K109: THLCH | L109: N | M109: N | N109: N | P109: 46062.25 | Q109: 46063.993 | R109: 46065.292 | S109: =ROUND((Q109-P109)*24,4) -> 41.8333 | T109: =TEXT(P109,"YYYY-MM") -> 2026-02 | U109: =RANK(S109,$S$2:$S$670)+COUNTIF($S$2:S109,S109)-1 -> 11 | V109: =ROUND((R109-Q109)*24,4) -> 31.1667 | W109: =ROUND((R109-P109)*24,4) -> 73 | X109: =TEXT(P109,"dddd") -> Monday | Y109: =HOUR(Q109) -> 23
A110: KTS1 | B110: KMTP | C110: KMTC TAIPEIS | D110: KMT | E110: 06 | F110: 2602 | G110: N | H110: 2602N | I110: BKK01 | J110: THBKK | K110: THLCH | L110: N | M110: N | N110: N | P110: 46062.292 | Q110: 46064.333 | R110: 46065.167 | S110: =ROUND((Q110-P110)*24,4) -> 49 | T110: =TEXT(P110,"YYYY-MM") -> 2026-02 | U110: =RANK(S110,$S$2:$S$670)+COUNTIF($S$2:S110,S110)-1 -> 6 | V110: =ROUND((R110-Q110)*24,4) -> 20 | W110: =ROUND((R110-P110)*24,4) -> 69 | X110: =TEXT(P110,"dddd") -> Monday | Y110: =HOUR(Q110) -> 8
A111: KHS1 | B111: SWIC | C111: SAWASDEE INCHEON | D111: SKR | E111: 06 | F111: 2601 | G111: S | H111: 2601S | I111: LCH01 | J111: THLCH | K111: THBKK | L111: N | M111: N | N111: N | P111: 46062.375 | Q111: 46062.417 | R111: 46062.833 | S111: =ROUND((Q111-P111)*24,4) -> 1 | T111: =TEXT(P111,"YYYY-MM") -> 2026-02 | U111: =RANK(S111,$S$2:$S$670)+COUNTIF($S$2:S111,S111)-1 -> 404 | V111: =ROUND((R111-Q111)*24,4) -> 10 | W111: =ROUND((R111-P111)*24,4) -> 11 | X111: =TEXT(P111,"dddd") -> Monday | Y111: =HOUR(Q111) -> 10
A112: KTS1 | B112: SWRG | C112: SAWASDEE RIGEL | D112: SKR | E112: 07 | F112: 2601 | G112: N | H112: 2601N | I112: LCH04 | J112: THLCH | K112: HKHKG | L112: N | M112: N | N112: N | P112: 46062.417 | Q112: 46062.875 | R112: 46063.258 | S112: =ROUND((Q112-P112)*24,4) -> 11 | T112: =TEXT(P112,"YYYY-MM") -> 2026-02 | U112: =RANK(S112,$S$2:$S$670)+COUNTIF($S$2:S112,S112)-1 -> 124 | V112: =ROUND((R112-Q112)*24,4) -> 9.2 | W112: =ROUND((R112-P112)*24,4) -> 20.2 | X112: =TEXT(P112,"dddd") -> Monday | Y112: =HOUR(Q112) -> 21
A113: CHT | B113: SWMM | C113: SAWASDEE MIMOSA | D113: SKR | E113: 06 | F113: 2601 | G113: N | H113: 2601N | I113: LCH05 | J113: THLCH | K113: HKHKG | L113: N | M113: Y | N113: N | P113: 46062.417 | Q113: 46062.583 | R113: 46063.25 | S113: =ROUND((Q113-P113)*24,4) -> 4 | T113: =TEXT(P113,"YYYY-MM") -> 2026-02 | U113: =RANK(S113,$S$2:$S$670)+COUNTIF($S$2:S113,S113)-1 -> 247 | V113: =ROUND((R113-Q113)*24,4) -> 16 | W113: =ROUND((R113-P113)*24,4) -> 20 | X113: =TEXT(P113,"dddd") -> Monday | Y113: =HOUR(Q113) -> 14
A114: BTS | B114: SWAT | C114: SAWASDEE ATLANTIC | D114: SKR | E114: 06 | F114: 2601 | G114: S | H114: 2601S | I114: LCH01 | J114: THLCH | K114: THBKK | L114: N | M114: N | N114: N | P114: 46062.875 | Q114: 46062.938 | R114: 46063.417 | S114: =ROUND((Q114-P114)*24,4) -> 1.5 | T114: =TEXT(P114,"YYYY-MM") -> 2026-02 | U114: =RANK(S114,$S$2:$S$670)+COUNTIF($S$2:S114,S114)-1 -> 356 | V114: =ROUND((R114-Q114)*24,4) -> 11.5 | W114: =ROUND((R114-P114)*24,4) -> 13 | X114: =TEXT(P114,"dddd") -> Monday | Y114: =HOUR(Q114) -> 22
A115: KHS1 | B115: SWIC | C115: SAWASDEE INCHEON | D115: SKR | E115: 07 | F115: 2601 | G115: N | H115: 2601N | I115: BKK01 | J115: THBKK | K115: THLCH | L115: N | M115: N | N115: N | P115: 46062.917 | Q115: 46065.333 | R115: 46066.387 | S115: =ROUND((Q115-P115)*24,4) -> 58 | T115: =TEXT(P115,"YYYY-MM") -> 2026-02 | U115: =RANK(S115,$S$2:$S$670)+COUNTIF($S$2:S115,S115)-1 -> 3 | V115: =ROUND((R115-Q115)*24,4) -> 25.3 | W115: =ROUND((R115-P115)*24,4) -> 83.3 | X115: =TEXT(P115,"dddd") -> Monday | Y115: =HOUR(Q115) -> 8
...
